10001,1.016814051
10005,0.951875861
10006,0.903099104
10007,0
10008,0
10011,1.018833468
10012,1.009674979
10016,1.060057569
10018,0
10019,1.008672598
10021,0
10022,0
10023,1.091318554
10024,0.927031962
10025,1.037823233
10027,0
10029,1.164544842
10032,0
10033,1.187130357
10034,0
10035,0.936986266
10036,0
10038,1.054177899
10039,0.989228516
10040,1.002298958
10043,0
10044,0
10045,0
10046,1.100342771
10047,0
10049,0
10050,0
10051,0
10052,0
10054,0
10055,1.022929641
10056,1.112832394
10058,0
10059,0
10061,0
10062,0
10065,0.959375965
10066,0
10069,0
10073,0
10078,1.123953874
10079,0
10083,1.00455863
10085,0.929375829
10086,0
10087,0
10089,0.985780945
10090,0.964869234
10091,0
10092,1.233794024
10095,0
10097,0
10099,0
10100,1.059621493
10101,0
10102,0
10103,0.971174579
10104,0.966272656
10108,0
10109,0
10110,0
10112,0
10113,1.066649066
10114,1.054697273
10118,1.145093143
10120,0
10125,0
10126,0
10128,0
10129,0
10130,0
10131,1.134519722
10137,0
10138,0
10139,1.027274488
10144,1.10301291
10146,0
10148,0
10149,0.971936616
10150,0
10152,0
10157,0
10158,1.072397166
10164,0.998567371
10168,0
10169,0
20001,0.894039371
20006,1.040316044
20008,0
20012,0.926373922
20017,0.955426987
20018,0
20024,0
20026,1.031802933
20027,0
30001,0
30002,1.088498885
30006,0.960857075
30007,0.966841087
30010,0.982194374
30011,0.965520394
30012,0.930365798
30013,1.013930693
30014,0.998226511
30016,1.021946519
30022,0
30023,0.929130121
30024,0.987050623
30030,0.949159011
30033,0
30036,1.059743846
30037,0.998222277
30038,0.896300447
30043,0.941245591
30055,0.892634163
30061,1.036360993
30062,0.936183506
30064,1.093464063
30065,0.976007677
30068,0
30069,0.920732486
30071,0
30073,0
30074,0
30077,0
30078,0
30083,0.974524763
30084,0
30085,1.006736652
30087,0.957774765
30088,0.984385674
30089,1.133483222
30092,0.974618447
30093,0.924954271
30094,0.928552614
30100,1.011962982
30101,0.979524318
30103,0.914277912
30105,0.948148901
30107,0
30108,0
30110,1.072380845
30111,0.968372583
30112,0
30113,0
30114,0.967529855
30115,1.06601556
30117,0.972743305
30118,0
30119,0.94887622
30120,0
30121,0.941463477
30122,0
30123,0.980695488
30126,1.006537815
30130,0
30131,0
30132,0
30134,0
40001,0
40002,0
40004,0.946703038
40007,0.920655765
40010,0.978329637
40011,1.060169474
40014,0.986995587
40015,0
40016,1.174084345
40017,1.002580437
40018,0
40019,0
40020,1.078308277
40022,1.132581745
40026,0.97749824
40027,1.095816339
40029,0.902681642
40036,0.998090911
40039,1.143380845
40041,1.067525735
40042,0
40047,0
40050,0
40051,0
40055,1.054787449
40062,0.89952486
40067,0
40069,0
40071,0.962537103
40072,0
40074,0
40076,0
40078,1.034404541
40080,0
40084,1.045546755
40085,0
40088,0.999492512
40114,0.903203129
40118,0.982079875
40119,1.144536477
40134,0.951664145
40137,0
40147,0
40152,0
40153,0
50002,1.042616124
50006,0.928212936
50007,0.886327705
50008,0
50009,0.982936093
50013,0.92595695
50014,0
50016,0
50017,0.975326648
50018,0
50022,1.058692328
50024,1.065806004
50025,0.977172866
50026,0.990175176
50028,0
50030,1.079058231
50036,1.082635742
50038,0.99636779
50039,1.074442632
50040,0
50042,0
50043,1.063053398
50045,1.007555385
50046,0
50047,1.004388773
50054,0.973059048
50055,0
50056,1.030963215
50057,0.986984645
50058,1.050457766
50060,1.065454801
50063,1.103039813
50067,0
50069,0.905039585
50070,0
50071,0.968040871
50072,0
50073,0
50075,0
50076,1.018694438
50077,0.903402063
50078,1.051902117
50079,1.023789615
50082,1.039562842
50084,0.950068275
50089,0
50090,0
50091,0
50093,0.93892765
50096,0
50099,0.946993037
50100,1.015732447
50101,0.973625455
50102,0
50103,1.060431487
50104,0.997060885
50107,0.938823498
50108,0.91359813
50110,0
50111,1.000934674
50112,1.086124096
50113,0
50115,0.934921401
50116,0.950714193
50118,1.058748887
50121,0.995945242
50122,0.992695223
50124,0.991634831
50125,1.056393229
50126,0.99976725
50127,0
50128,0.938333595
50129,1.041632557
50131,0
50132,1.012898485
50133,1.050816799
50135,1.044402393
50136,0.973911793
50137,0
50138,0.975713981
50139,0
50140,0
50145,0.866761799
50149,1.053096445
50150,0.950970824
50152,0
50153,1.027565927
50158,0.976932587
50159,0
50167,0
50168,0.951807695
50169,0.981664834
50174,0.822489833
50179,1.037306251
50180,0.984113768
50189,0
50191,1.056106515
50192,0
50194,0.991725178
50195,1.152018828
50196,0
50197,0.913648702
50204,1.053534673
50205,0.988946849
50211,1.020797352
50222,0.962347469
50224,0.876730725
50225,0.907624158
50226,1.145406107
50228,0.975005974
50230,0.929062321
50231,0.923500583
50232,0.890043303
50234,0
50235,1.046964854
50236,1.142388464
50238,0.990429866
50239,1.090220472
50242,0.888074448
50243,1.117954863
50245,0.985242798
50248,0
50254,0.940882952
50257,0
50261,1.108246973
50262,1.135735241
50272,0.970325535
50276,0
50277,0
50278,1.016917828
50279,0
50280,0.86178928
50281,0.987026908
50283,0.978500654
50289,1.068620663
50290,0.927282908
50291,0.809184285
50292,0
50295,0.990917017
50296,0
50298,0
50300,1.071860907
50301,0
50305,1.003629297
50308,0.961447026
50309,0.794294903
50313,0
50315,0
50320,0
50324,0.894385821
50327,0.915438593
50329,1.020896259
50334,0.939589044
50335,1.005232772
50336,0.970060419
50342,1.061035369
50348,1.110565595
50349,0
50350,1.136853696
50351,1.022406514
50352,0
50353,1.107810501
50357,0
50359,1.053550445
50360,0.883715663
50367,1.00733268
50373,0
50376,1.034181063
50378,0
50380,1.058319656
50382,1.035890332
50385,0
50390,0.890284825
50393,0.889212683
50394,0.853162482
50396,0.912785217
50397,0
50407,0
50411,0
50414,1.009454328
50417,0.954489576
50423,0
50424,0.942242303
50425,0
50426,0.941348778
50434,0
50435,0
50438,1.116411915
50441,0.912929874
50444,0.947690881
50454,1.059006742
50455,1.05194474
50457,1.07100984
50464,1.001334702
50468,1.024008848
50471,1.078203232
50481,1.006837933
50485,1.133621856
50488,1.059288074
50492,0.969587384
50496,0.965746238
50498,0.94513223
50502,1.088366738
50503,0.850591667
50506,1.031715624
50510,0
50512,0
50515,0
50516,1.004608389
50517,0
50523,1.040926319
50526,1.001705602
50528,0
50531,0
50534,0.993551071
50537,0
50541,0
50543,0
50545,0
50546,0
50547,0
50548,0
50549,0.990882953
50551,1.061290567
50552,0
50557,0.964027664
50561,0
50567,0.95593213
50568,1.004272932
50570,1.009888607
50573,0.927729652
50575,1.001130484
50580,0.99768615
50581,1.056580997
50586,0
50588,0
50589,0.944602591
50590,1.005200652
50597,1.037593606
50599,1.078119492
50603,0.98936964
50604,1.040374243
50608,0
50609,0
50616,1.030285665
50618,0
50624,0.916898873
50625,0.971850323
50633,1.040769411
50636,0.962992555
50641,1.050734804
50644,0
50663,1.042099972
50668,0
50674,0
50677,0
50678,1.017835854
50684,0.956798143
50686,0
50688,1.031686271
50689,1.055005923
50690,0
50696,0.994555232
50697,0
50701,0.996067947
50704,1.068286533
50708,0
50709,0.994442227
50710,0
50714,0
50717,0
50723,0
50724,0.970309543
50726,0
50727,1.020261802
50732,0.949794243
50735,0.961543712
50736,0
50737,0.987389484
50738,0
50739,1.171173989
50740,1.002273793
50742,1.135045408
50744,1.020162457
50745,0
50746,1.030355268
50747,0
50748,0
50749,0
50751,0
50752,1.147233023
50754,0
50755,1.089250666
50757,1.012763274
50758,1.015012324
50760,0
50761,0.94943577
50763,0
50764,1.054543437
50765,0
50766,0
50767,0
50768,0
50769,0
50770,1.044570578
50771,0
50772,0
50773,0
50774,0
60001,0.956530683
60003,0.969672059
60004,0.942716188
60006,0.985953985
60008,0
60009,0.921857119
60010,0.997817381
60011,0.965768374
60012,0.961382049
60013,0.912537181
60014,0.893581912
60015,0.957813003
60016,0
60020,0.898115749
60022,0.801766452
60023,0.938309432
60024,1.027679925
60027,0.96269735
60028,1.056073509
60030,0.900428791
60031,0.846224552
60032,1.022387902
60034,0.96109881
60036,0.955191405
60043,0
60044,0
60049,0
60054,0
60064,0.97099366
60065,0.932814628
60071,0
60075,0.975250625
60076,0
60096,0
60100,0.905857447
60103,0
60104,1.066472656
60107,0
60112,0.986462451
60113,1.003263961
60114,0.978190534
60116,0.946602792
60117,0
60118,0
60119,0.959896762
60124,0
60125,0
70002,1.110242108
70003,0.907571579
70004,0.985239721
70005,1.066648884
70006,0.861119253
70007,1.02385562
70008,0
70010,0.971705211
70011,1.106810342
70012,0.954182334
70015,0.978780067
70016,0.999787897
70017,1.12573452
70018,1.072751314
70019,0.998058276
70020,0.890383462
70021,1.077942761
70022,1.082829678
70024,1.001081606
70025,1.032695887
70027,0.994201837
70028,1.210400649
70029,1.015119634
70031,1.065475124
70033,1.027733137
70034,1.067385706
70035,1.1334782
70036,0.909913912
70038,0
70039,0
70040,0
80001,0.914357447
80003,1.065008786
80004,0.850310142
80006,0.906498884
80007,0.945172359
80009,0.978304736
90001,1.103015279
90003,1.108916457
90004,0
90005,0.981979853
90006,1.09947303
90008,0
90011,0.969608416
100001,1.149233201
100002,0.945612853
100006,1.026786537
100007,1.209406592
100008,0.90372675
100009,1.108229264
100012,1.082193977
100014,0.987010716
100017,1.002347524
100018,0.895745715
100019,1.015676854
100022,1.076494377
100023,0.838379842
100025,0.933586814
100026,1.088539465
100028,0.953456097
100029,0.985992068
100030,0.951762266
100032,1.032510516
100034,1.004800366
100035,0.974340931
100038,1.065379468
100039,0.947201087
100040,1.030062994
100043,1.000437719
100044,1.054041062
100045,1.044076782
100046,1.102557674
100047,1.01554083
100048,0
100049,1.024261561
100050,1.006557637
100051,0.949409785
100052,1.016878597
100053,1.117540694
100054,0
100055,0.974718088
100057,1.150179883
100062,0.867221815
100063,0.915840489
100067,1.081809312
100068,0.964530893
100069,0
100070,0.845820528
100071,1.123236158
100072,0.987163968
100073,1.009617725
100075,0.96342353
100076,1.064570125
100077,1.048270478
100080,1.091639655
100081,0
100084,1.107570232
100086,1.015816192
100087,0.801514383
100088,0.938917076
100090,0.919930126
100092,1.194082422
100093,1.027931745
100099,1.073095496
100102,1.112899832
100105,1.000818649
100106,0
100107,1.00232704
100109,0.968995704
100110,1.051057193
100113,0.963655352
100117,0.979824171
100118,1.101958025
100121,0
100122,1.058303826
100124,0
100125,1.054895351
100126,1.030134113
100127,0.920746794
100128,1.033444751
100130,1.00073537
100131,1.111558181
100132,1.000782068
100134,0
100135,0.953163514
100137,1.113848409
100139,0
100140,0
100142,0.946263542
100150,0
100151,0.926231521
100154,0.961354585
100156,1.04742381
100157,1.047061893
100161,0.980327471
100166,0.933272385
100167,1.02406642
100168,1.024019253
100173,1.081103248
100175,0.955992804
100176,0.96997556
100177,0.887106715
100179,1.164923509
100180,0
100181,0.989279527
100183,1.045543842
100187,1.150994612
100189,1.174785255
100191,1.036000073
100200,1.058081155
100204,1.085328497
100206,0
100209,1.113536347
100211,1.007431496
100212,1.017538635
100213,1.003197579
100217,1.053971244
100220,0.964842213
100223,1.022726011
100224,1.003789391
100226,0.945694993
100228,1.081035609
100230,0
100231,1.002106069
100232,0.960900317
100234,1.016989172
100236,0.973904324
100238,1.153325456
100239,0
100240,0
100242,1.069689005
100243,0.955391296
100244,1.130431814
100246,0.986047946
100248,1.058800211
100249,0.866157215
100252,1.110743435
100253,0.852192108
100254,1.106749957
100255,0
100256,1.045542175
100258,0.977637512
100259,1.055978842
100260,1.10173285
100264,1.116387106
100265,0.921434021
100266,0.964567487
100267,1.034621196
100268,0.995228346
100269,0.977720382
100275,1.014916703
100276,0.982156598
100277,0
100281,1.029091321
100284,1.022819606
100285,0
100286,1.003095198
100287,0.975053319
100288,0
100289,1.063537266
100290,1.017831044
100291,1.031348153
100292,0.947940853
100296,1.053039278
100299,0.977223447
100302,0.989755208
100307,0.996723209
100313,0
100314,0
100315,0
100316,0
100319,0
100320,0
110001,0.912865109
110002,0
110003,1.037686898
110004,0
110005,0.952988962
110006,0.949605974
110007,0.970815553
110008,0.922921573
110010,1.01067218
110011,1.054733562
110015,0
110016,1.038412008
110018,1.045386471
110023,1.062351662
110024,1.061922254
110025,1.011100403
110026,0
110027,0
110028,0.997011234
110029,0.911482063
110030,0.978065713
110031,0.934309386
110032,1.018871654
110034,1.04474913
110035,0.971518607
110036,1.110718944
110038,0.938490233
110039,1.042743208
110040,0.986940525
110041,0
110042,0
110043,1.019662958
110044,0
110045,0
110046,0.981349197
110050,0
110051,0.942729133
110054,0.90394783
110064,1.084921024
110069,1.119832447
110071,0
110073,0
110074,0.88009175
110075,0.983090306
110076,1.0645184
110078,0.973420376
110079,1.012873333
110082,0.864735834
110083,0.974124143
110086,0
110087,1.020377637
110089,0
110091,1.002129389
110092,0
110095,1.033756191
110100,0
110101,0
110104,0.986122172
110105,0
110107,1.169475191
110109,0
110111,0
110112,0
110113,0
110115,1.023791095
110121,0
110122,0.865841971
110124,0
110125,0.942818936
110128,1.041652526
110129,0.945095336
110130,0
110132,0
110135,0
110142,0
110143,1.022288965
110146,0
110150,0
110153,0
110161,0.923053303
110164,0.961629421
110165,0.963566387
110168,0.893891502
110177,1.030388463
110183,0
110184,1.001986654
110186,0
110187,0
110189,0
110190,0
110191,1.002792608
110192,0.950381213
110194,0
110198,0.927914422
110200,0
110201,0
110203,0
110205,0
110209,0
110215,1.035428145
110219,1.031849826
110225,1.107118123
110226,0
110229,1.072447719
110230,0.933502813
110233,0
120001,0.878314923
120002,0.948115996
120004,1.060792619
120005,0.959358214
120006,0.984088346
120007,0.93968403
120011,1.016620796
120014,1.017011027
120019,0
120022,0.960506839
120026,1.088341068
120028,0
130002,0.931179322
130003,0.97860879
130006,0.824003673
130007,0.83955037
130013,0.988530713
130014,0.976978294
130018,0.900881986
130025,0
130028,0.84018251
130049,0.853139884
130063,0
130065,0
130066,0
130067,0
140001,0
140002,0.881620403
140007,1.178201261
140008,0.952032005
140010,1.015715042
140011,0.990704912
140012,1.047996823
140013,0.968029149
140015,1.04649288
140018,1.093420205
140019,0
140026,1.062132245
140029,0.900239492
140030,0.902512576
140032,1.073905767
140034,1.072396004
140040,1.037116637
140043,0.995255727
140046,1.094109896
140048,1.067135167
140049,1.045080917
140051,1.007207958
140052,1.082993073
140053,0.933241236
140054,1.003794524
140058,0
140059,0.970766314
140062,1.0469939
140063,1.065369417
140064,1.103722406
140065,1.045361429
140067,0.955522014
140068,1.015818388
140077,0
140080,1.080978665
140082,1.080067378
140083,0
140084,0.971211139
140088,1.052395744
140089,0
140091,1.052668708
140093,0.993489322
140095,0
140100,0
140101,1.015284594
140103,0
140110,1.064555719
140113,1.069798513
140114,0.988268936
140115,0
140116,0.977213529
140117,0.987356359
140118,1.087946759
140119,0.945341918
140120,1.090681089
140122,1.02917528
140124,1.055749002
140125,1.0719576
140127,0.921588664
140130,1.023213592
140133,0.989902822
140135,0.991015087
140137,0
140143,0
140145,0
140147,1.002856883
140148,0.927395052
140150,1.068609881
140151,0
140155,0.963007217
140158,1.124798814
140160,0.993032325
140161,0
140162,0.907733997
140164,0.974910534
140166,0.894462904
140167,0.997427248
140172,1.090275621
140174,1.059070252
140176,0.983821987
140177,0
140179,1.092526268
140180,1.141383083
140181,0
140182,1.085960035
140184,1.056133381
140185,1.011687201
140186,0.944083155
140187,1.056616429
140189,1.071219949
140191,1.212588467
140197,0
140200,1.046651047
140202,0.950699641
140206,0
140208,1.131067907
140209,1.033655462
140210,0
140211,0.92978154
140213,1.150916065
140217,1.081754223
140223,1.023403059
140224,1.108984196
140228,0.960912756
140231,0.930160175
140233,1.015213224
140234,0
140239,0.967044331
140240,1.023987793
140242,0.995985522
140250,1.070696144
140251,0.943744777
140252,1.150783106
140258,1.003508754
140275,1.003866178
140276,0.983197346
140280,1.008532892
140281,1.072366798
140286,0.981497332
140288,0.979158602
140289,0.997428384
140290,1.013980052
140291,1.004913435
140292,0.972349301
140294,0
140300,0
140304,1.066546403
150001,0
150002,1.111047356
150003,0
150004,1.090273509
150005,1.001379208
150006,0.942598264
150007,1.005261031
150008,0.989847642
150009,1.101707252
150010,0
150011,0.911562057
150012,0.924443093
150015,1.07923457
150017,0.927799456
150018,0.983949818
150021,0.848407867
150022,0
150023,0.925407505
150024,1.032021078
150026,1.055916904
150030,0
150034,0.954490822
150035,0.927020944
150037,0.981140834
150038,0
150042,1.041273418
150044,0.979085285
150045,0
150046,1.063834658
150047,1.011625353
150048,0.892279637
150051,0.800087713
150056,1.001038637
150057,0
150058,0.89476159
150059,0.950012575
150061,0
150064,0
150065,0.987024083
150069,0.947721038
150072,0
150074,1.02377998
150075,0
150076,0.953465076
150082,0.929032026
150084,1.015192234
150086,1.069143821
150088,1.036482323
150089,1.060783348
150090,1.063401074
150091,0
150097,0
150100,1.128772474
150101,0
150102,0
150104,0.946917217
150109,0.956482813
150112,1.069615909
150113,1.007226286
150115,0.84749286
150125,1.007976916
150126,0.985451619
150128,0.970842664
150129,0
150133,1.048797141
150146,0
150149,0
150150,0
150153,0.768753031
150154,1.063862478
150157,0
150158,1.020176824
150160,0
150161,0.988745735
150162,0.944894292
150163,0
150164,0
150165,0
150166,0
150167,0
150168,0
150169,0.978758948
150172,0
150173,0.902390254
150175,0.959481422
150176,1.072563187
150177,0
150179,0
150180,0
150181,0
150182,0
160001,0.925507572
160005,0
160008,0.966260303
160013,0
160016,0.92796175
160024,0.929549476
160028,0.99487963
160029,0.997065325
160030,0.952300341
160032,0
160033,0.831128861
160040,0
160045,0.938334094
160047,0.996853689
160057,0.996905293
160058,0.908106323
160064,0.867809734
160067,0.937836678
160069,1.020744979
160079,1.01891871
160080,0.873778773
160082,0.833226006
160083,0.852302078
160089,1.04277823
160101,0
160104,0.974807653
160110,1.036137837
160112,0
160117,0.974563119
160122,1.084692638
160124,0
160146,0.964337305
160147,0
160153,0.919201854
170001,1.032892937
170006,0.987446795
170009,0
170010,0
170012,0.938970878
170013,0.751209505
170014,0
170016,0.890582559
170017,0
170020,0.972767881
170023,1.014608825
170027,0
170039,0
170040,1.097936659
170049,1.032977195
170058,0
170068,0
170074,0
170075,0
170086,0.992493673
170094,0
170103,0.933110744
170104,1.069613373
170105,0
170109,0
170110,0
170120,0
170122,0.863767918
170123,0.936624917
170133,0
170137,0.953357769
170142,0.922317228
170145,0
170146,0.988287036
170150,0
170166,0
170175,0.969150301
170176,1.036256667
170182,1.02512173
170183,0
170185,0.979663923
170186,0.818699462
170187,0
170188,0
170190,0
170191,0
170194,0
170196,0
170197,0.846192443
170198,0
170199,0
170200,0
170203,0
180001,1.053368478
180002,0
180004,0
180005,1.117959222
180009,1.0584566
180010,1.047137701
180011,0.977227213
180012,1.010421461
180013,1.056001809
180016,0
180017,0.91937101
180018,1.066414494
180019,0.988391083
180020,0
180021,0
180024,0
180025,0.943864715
180027,1.114860826
180029,1.220849641
180035,1.013883909
180036,1.087547696
180038,0.984280295
180040,1.108631184
180043,0
180044,1.108289799
180045,1.113738144
180046,0
180048,0.944790137
180049,1.017169754
180050,0
180051,1.040028512
180053,0
180056,0.976918123
180064,0
180066,0
180067,1.198272887
180069,0
180070,0
180078,0
180079,0
180080,1.037950445
180087,0.98055835
180088,1.026781342
180092,0.963490731
180093,0.969754406
180095,0
180101,0
180102,0.974645514
180103,1.004088353
180104,1.052842117
180105,0
180106,0
180115,0
180116,1.04067816
180117,0
180124,1.07559067
180127,1.000001994
180128,0
180130,0.951453395
180132,1.082366536
180138,0
180139,0
180141,1.007285721
180143,1.052416683
180149,0
190001,0
190002,1.107735257
190003,0.973005843
190004,1.056337974
190005,0.975598707
190006,0
190007,0
190008,0.987860951
190009,0
190011,0
190013,0.996470403
190014,0.980601907
190015,1.034227324
190017,1.018565985
190019,1.090525274
190020,1.008716383
190025,0
190026,1.031472663
190027,0.940773643
190034,0
190036,1.170014072
190039,1.086210793
190040,1.040302815
190041,1.013638692
190044,0
190045,1.024327403
190046,1.011927056
190050,0
190053,1.025286247
190054,0.922617522
190060,1.014715869
190064,0.899131347
190065,1.010023246
190079,0
190081,0
190086,0.977564401
190088,0
190090,0
190098,1.060670351
190099,0
190102,1.006389297
190106,0
190111,0.970268733
190114,0
190116,0
190118,0
190122,0
190125,0.999486752
190128,0
190133,0
190135,0
190140,0
190144,0.989985611
190145,0
190146,0.875032142
190151,0
190160,1.123683949
190161,0
190164,0
190167,1.017731937
190175,0
190176,1.039216373
190177,0.976257252
190183,0
190184,0
190190,0
190199,0
190201,0
190202,0.927385246
190204,1.009873488
190205,1.011929534
190208,0
190218,0
190236,0.950684513
190241,0
190242,0
190245,0
190246,0
190250,1.043279955
190251,0
190256,0
190257,0
190259,0
190261,0
190263,0.937288249
190266,0
190267,0
190268,0
190270,0
190273,0
190274,0.949602365
190278,0
190297,0
190298,0
190300,0
190303,0
190304,0
190307,0
190308,0
190310,0
200001,0.96653423
200002,0
200008,0.953710915
200009,0.830110304
200018,0.960430654
200019,0.977328206
200020,0.969430277
200021,1.011529039
200024,0.919507154
200025,0
200031,1.006035561
200033,0.878370894
200034,0.976121072
200037,1.031628074
200039,0.965471097
200040,1.033833755
200041,0.93835278
200050,0.971129083
200052,0
200063,0.955443461
210001,0.905869339
210002,1.121162655
210003,1.060626994
210004,1.033364694
210005,0.992757969
210006,1.01789382
210007,0.871016755
210008,1.093368971
210009,1.061142758
210011,0.892358658
210012,1.014243702
210013,0
210015,1.001684055
210016,1.006661018
210017,0.980941672
210018,1.100226767
210019,0.907152605
210022,1.022628991
210023,1.085126866
210024,0.993182903
210027,1.024430282
210028,1.001042713
210029,1.095660414
210030,1.025054319
210032,1.066572466
210033,1.013676991
210034,0.966719123
210035,1.091448376
210037,1.055096426
210038,0
210039,0.973990098
210040,1.074714534
210043,0.929614631
210044,0.978720499
210045,0
210048,0.956112524
210049,1.057855409
210051,0.994911319
210054,1.075185238
210055,1.088768137
210056,1.114358829
210057,1.03697408
210058,0
210060,0
210061,1.096104806
210062,1.010284734
210063,0.968064978
210064,0
220001,1.065697769
220002,1.008457797
220008,0.99366086
220010,1.116666122
220011,0.918371371
220012,0.960933711
220015,1.05737676
220016,1.093159585
220017,0
220019,0.959521392
220020,1.033830715
220024,0.937882097
220029,1.077088346
220030,0.993008448
220031,1.089130119
220033,0.947971767
220035,0.948726238
220036,1.181992591
220046,1.018287256
220049,1.055162002
220050,0
220051,0.98838583
220052,0.946183336
220058,0
220060,1.093970866
220062,0
220063,0.996519662
220065,0.96768675
220066,0.968952682
220067,1.019695853
220070,1.057605214
220071,1.054442191
220073,0.98715516
220074,1.036614843
220075,0
220077,0.876708523
220080,1.059931343
220082,1.070300707
220083,0.969613428
220084,1.010376455
220086,1.16691954
220088,0
220090,1.024831157
220095,0.994752739
220098,0
220100,0.902527844
220101,0.931367411
220105,1.076258829
220108,0.989741787
220110,1.139506387
220111,1.117042031
220116,1.170645929
220119,0.996196089
220126,1.121237064
220135,0.940641675
220163,1.052802723
220171,1.113964451
220174,0.992234519
220175,1.036681251
220176,1.019995007
220177,0
230002,1.042183452
230003,0
230004,0.769388621
230005,0.89491368
230013,0
230015,0
230017,0.916187026
230019,1.089528593
230020,1.030397083
230021,1.104648831
230022,0.959301602
230024,1.073631674
230029,0.9340351
230030,0.960447995
230031,1.025619991
230035,0
230036,0.924737019
230037,0.90200481
230038,0.83153883
230040,1.013358246
230041,1.091061598
230046,0.909134409
230047,0.977225872
230053,1.147460761
230054,0.755130893
230055,0.889622689
230058,0.949939216
230059,1.053010368
230066,0.921682993
230069,0
230070,1.141332933
230071,0
230072,0.966684982
230075,0.847467463
230077,0.987176537
230078,0
230080,1.065011717
230081,0.956133948
230085,0
230089,1.048431771
230092,0.994533966
230093,0
230095,0.945578525
230096,0
230097,0.938325008
230099,1.016158903
230100,0
230104,1.096674529
230105,0.834682332
230106,0
230108,0.985649528
230110,0
230117,0.903823672
230118,0.993514806
230121,0.98891792
230130,0.929055729
230132,1.03385295
230133,0
230141,1.004071072
230142,1.056829559
230144,0
230146,0.977168033
230151,1.076046846
230156,0.993534128
230165,1.182187473
230167,0.958419586
230174,0
230176,1.094979046
230180,1.053043402
230193,0.905279231
230195,1.094853566
230197,1.01301707
230207,0.971276952
230208,0
230216,0.944830772
230217,0.956967553
230222,0.917530209
230227,1.115077448
230230,0.941840406
230236,0.958235714
230239,0.96228549
230241,0
230244,1.181906445
230254,1.009163141
230259,0
230264,0
230269,1.109807936
230270,0.991591126
230273,1.102353797
230275,0
230277,1.102212848
230279,0
230297,0
230301,0
230302,1.007031897
240001,0.867247461
240002,0.928465147
240004,0.926283999
240006,0
240010,0.868678174
240014,0
240018,0
240019,0
240020,0
240022,0
240030,0
240036,0.890194718
240038,1.053530899
240040,0
240043,0.932620681
240044,1.000467176
240047,0.925381366
240050,0
240052,0.965557954
240053,1.026637434
240056,0.929106187
240057,0.871229862
240059,0
240061,0
240063,0.941192112
240064,0.96889728
240066,0
240069,1.072126945
240071,0
240075,0.993707344
240076,0
240078,0.99437959
240080,0.976029878
240084,0.99259931
240088,0
240093,0.961864389
240100,0.988736853
240101,0
240104,0
240106,0.851567683
240115,1.083372656
240117,1.011457945
240132,0
240141,0
240166,0.963106835
240187,0
240196,0
240206,0
240207,0.999345107
240210,1.032989908
240213,0
240214,0
250001,1.019205095
250002,0
250004,0.991817995
250006,1.012624137
250007,1.013208826
250009,0.973211912
250010,0
250012,0
250015,0.965377079
250017,0
250018,0
250019,0.994072412
250020,0
250025,0
250027,0
250031,1.097059287
250034,0.962713929
250036,0
250038,0
250040,1.107806475
250042,1.055014418
250043,0
250044,0
250048,1.013394973
250049,0
250050,0
250051,0
250057,0
250058,1.080467075
250059,0
250060,0
250061,0
250067,0
250069,0.912580535
250072,1.009054898
250077,0
250078,0.99581809
250079,0
250081,0
250082,1.033581674
250084,1.044707228
250085,0
250093,0
250094,0.960403873
250095,0
250096,0
250097,1.066593673
250099,1.043960527
250100,0.951898257
250102,1.034990265
250104,0.858846353
250117,0.94738475
250122,1.042447602
250123,0
250124,0
250126,0
250127,0
250128,0
250134,0
250136,0
250138,0
250141,1.171127343
250151,0
250152,0
250162,0
260001,1.044940311
260004,0
260005,1.033963326
260006,1.001594228
260009,0.921628787
260011,1.049008732
260015,0
260017,0.950548761
260020,0.995006842
260022,0
260023,0.98604919
260024,0
260025,0.966437703
260027,0.987111509
260032,1.057004994
260034,0
260040,0.972336824
260047,0.972190391
260048,0
260050,0
260052,0.952677464
260057,0
260059,0
260061,0
260062,0.936154607
260064,0.999945161
260065,1.030998134
260068,0.992606758
260070,0
260074,1.003396959
260077,1.075181869
260078,0.941196604
260080,0
260081,0.992603232
260085,1.030950704
260091,0.998928146
260094,0.974196183
260095,1.100928868
260096,1.033421489
260097,0
260102,0
260104,1.052655259
260105,1.04530162
260108,1.042255994
260110,1.018756775
260113,0.984233508
260116,0
260119,1.09624367
260137,0.891169156
260138,1.063458379
260141,0.997641666
260142,0
260147,0
260160,0
260162,0
260163,0.89499144
260175,0
260176,1.039653081
260177,1.012038266
260179,0.969364557
260180,1.076989758
260183,1.001245595
260186,0.946975446
260190,0.961741166
260191,0.948306429
260193,0.954148048
260195,1.000365968
260200,0.934188006
260207,0
260209,0
260210,0
260211,0
260214,0
260216,0.875051048
260219,1.104490226
260227,0
260228,0
260229,0
270003,0.890286021
270004,0.840340882
270012,0.918426724
270014,0.809153317
270017,1.067332285
270023,0.964769865
270032,0
270049,0.864067716
270051,0.807610659
270057,0.904053951
270074,0
270086,0
270087,0
280003,0.919442092
280009,0.921301558
280013,1.004340747
280020,0.957817262
280023,1.045011873
280030,0.814931265
280032,0
280040,0.957456571
280060,0.939799975
280061,0.954645329
280065,0.970736097
280077,0.936230514
280081,0.977661374
280105,0.990193596
280111,0
280119,0
280125,0.857853319
280127,0
280128,0.872469241
280129,0
280130,0.914782356
280131,0
280132,0.868838192
280133,0
290001,0.937472315
290002,0
290003,1.084925273
290005,0
290006,0
290007,1.036583259
290008,0.983688015
290009,0.968061721
290012,0.990331635
290019,0.938113439
290020,0
290021,1.181605669
290022,1.080172462
290032,0.986506884
290039,1.012805392
290041,1.017462153
290042,0
290045,0.916955733
290046,0.961060701
290047,0.985404735
290049,0
290051,0
290053,1.056179072
290054,1.034882753
300001,0.864996425
300003,0.793098694
300005,0.905014116
300011,1.054369938
300012,1.014727912
300014,0.970999774
300017,1.039852541
300018,0.971674905
300019,0.976184169
300020,0.870023912
300023,0.957397143
300029,1.06214872
300034,0.870322524
310001,1.082275426
310002,1.030145116
310003,1.121418116
310005,0.937668014
310006,1.019635304
310008,1.076423832
310009,0.99895762
310010,1.032081549
310011,1.084902426
310012,1.029809852
310014,1.190519244
310015,1.050936004
310016,1.098037284
310017,1.001349484
310019,1.144034989
310021,1.070388841
310022,1.049882972
310024,1.067411032
310025,1.001489674
310027,1.031905047
310028,1.057498251
310029,1.021776044
310031,1.075497237
310032,0.903408012
310034,1.02794619
310038,1.095174429
310039,1.077632492
310040,1.07835744
310041,1.096560562
310044,0.992363871
310045,1.030990664
310047,1.055095787
310048,1.031892368
310050,1.253784567
310051,0.957420878
310052,1.018864677
310054,0.974188077
310057,0.99924752
310058,0
310060,1.094611237
310061,1.087916296
310064,1.08827546
310069,0.963842777
310070,1.075220395
310073,1.008034067
310074,1.116372781
310075,0.908019928
310076,0.996414263
310081,1.022424844
310083,1.152005298
310084,1.046000004
310086,1.085097269
310091,1.02910095
310092,0
310096,1.214568648
310108,1.018193948
310110,0.997757048
310111,1.067813321
310112,0.990941527
310113,1.056929881
310115,0.99065794
310118,0
310119,1.021441453
310130,0
320001,0.940505909
320002,0.933227103
320003,0
320004,0
320005,0.906100544
320006,1.0628357
320009,0.843281078
320011,0
320013,0
320016,0
320017,0
320018,0.981154032
320021,1.009794615
320022,0.990886517
320030,0
320033,0
320038,0
320057,0
320058,0
320059,0
320060,0
320061,0
320062,0
320063,0
320065,0
320067,0
320070,0
320074,0
320084,0
320085,0.931939056
320086,0.968936576
320089,0
330003,1.054802159
330004,1.062688188
330005,1.08267376
330006,0.96348435
330008,0
330009,1.004535334
330011,1.1011159
330013,1.033002646
330014,1.162159755
330019,0.994270878
330023,0.938800651
330024,1.021504676
330027,1.065350517
330028,1.101629176
330030,0.983020203
330033,0.946110259
330037,0
330043,1.050258325
330044,1.01615152
330045,0.995720578
330046,1.134334282
330047,0.976319593
330049,0
330053,0.980747826
330055,1.083587993
330056,1.007672558
330057,0.960730242
330058,0.955256598
330059,1.090939336
330061,1.051974377
330064,1.02117367
330065,0.977643223
330067,1.050270552
330073,0.949087261
330074,0.981490102
330078,1.028621647
330079,0.985019427
330080,1.038850485
330084,1.046089096
330085,1.044835236
330086,0.960960441
330088,0
330090,1.005221949
330094,0.984006435
330096,1.005044739
330100,0
330101,1.040232498
330102,1.08023896
330103,0.967009535
330104,1.132840742
330106,1.158246486
330107,1.012060914
330108,1.018836454
330111,0
330115,0
330119,0.977894172
330125,0.946612349
330126,1.125296899
330127,1.046062162
330128,1.103358941
330132,0
330135,1.029505311
330136,0.960312244
330140,1.032737212
330141,0.992607607
330144,0
330151,1.023785485
330153,0.91291144
330157,0.96935394
330158,1.181329435
330160,0.962272511
330162,1.091746431
330163,1.172416129
330164,0.956719713
330166,0
330167,1.035268202
330169,1.129956638
330175,0
330180,0.917680496
330181,1.066467921
330182,0.983138258
330184,0.993143252
330185,0.92893399
330188,0.847261488
330191,0.979583914
330193,1.10354389
330194,1.029742639
330195,1.084220809
330196,1.127060742
330197,0
330198,1.142797056
330199,1.06167024
330201,1.0357303
330202,0
330203,1.001695799
330204,1.112767601
330205,1.05020387
330208,1.09811517
330211,0.984102281
330213,0.950344869
330214,1.002577508
330215,1.057620804
330218,1.079468724
330219,1.041332565
330221,1.118703339
330222,0.969005901
330223,0.947008641
330224,0
330225,0
330226,1.058520855
330229,0
330231,0
330232,1.008576907
330233,0.961634219
330234,1.070646029
330235,1.052598958
330236,1.180112894
330238,0
330239,1.037888953
330240,0
330241,0.921155773
330245,0.984195341
330246,1.02326599
330249,0
330250,1.100555553
330259,1.116577034
330261,1.048737605
330263,0
330264,1.014468147
330265,0
330267,1.119840802
330268,0
330270,0
330273,1.088934637
330276,1.006267966
330277,0.995067356
330279,0.987990876
330285,1.071754166
330286,0.974731472
330304,1.060495646
330306,0.998783873
330307,0.902438256
330316,1.019275496
330331,1.07624002
330332,1.099975084
330340,1.003617756
330350,1.120227079
330353,1.131692945
330372,0.986137013
330385,0
330386,1.052294992
330393,1.144746998
330394,1.002766758
330395,1.026225139
330396,1.04277479
330397,0
330399,1.053138742
330401,1.023834285
330403,0
330404,0
330405,0
330406,0
330409,0
340001,0.989994965
340002,0.879492527
340003,1.021442399
340004,0.926904474
340008,0.994235002
340010,1.01122981
340011,0
340013,0.955609243
340014,0.977203755
340015,0.903351763
340016,0.969045467
340017,0.957822379
340020,1.03557351
340021,1.016498565
340023,1.008012914
340024,0
340027,1.034300603
340028,1.060128734
340030,1.001933757
340032,0.955515297
340036,0
340037,0.97799705
340039,0.959201428
340040,1.11954752
340041,0.939293148
340042,0.985700154
340047,1.052018268
340049,0
340050,1.091625396
340051,1.000966431
340053,1.07819284
340055,0
340060,1.033444184
340061,1.029748244
340064,0.997202378
340068,0
340069,1.034917421
340070,0.932778102
340071,0
340073,0.991521326
340075,0.924248303
340084,0.939845239
340085,0.978777738
340087,0
340090,0.961390402
340091,0.846272183
340096,1.027518398
340097,0.923952595
340098,0.909802566
340099,0.994174049
340106,0
340107,0.953840439
340109,0.921987385
340113,1.069245772
340114,1.014019424
340115,1.017075365
340116,0.857645329
340119,1.073957376
340120,0
340123,1.00540714
340126,1.048597773
340127,0.951990762
340129,1.028387287
340130,1.097638057
340131,0.96941062
340132,0.976865508
340133,1.025583796
340141,1.006119394
340142,0.999488909
340143,1.027333611
340144,0
340145,0
340147,1.036878745
340148,0
340151,1.008779699
340153,0
340155,0.932839861
340156,0
340158,0
340159,0
340160,0.982507285
340166,0.955222273
340168,0
340171,0.987789482
340173,0.976176745
340183,1.022572192
340184,0.970520158
340186,0
350002,0.905761938
350006,0.961382162
350011,0.856633403
350015,0.951374535
350019,0.983917809
350063,0
350070,1.021167034
360001,1.061372239
360002,0.975745718
360003,1.113133911
360006,1.040589103
360008,1.07957933
360009,1.032524354
360010,0.984208455
360011,0.902831629
360012,1.093604358
360013,0
360014,0
360016,1.158149826
360017,0.896854145
360019,1.149120355
360020,1.103760652
360025,0.885991915
360026,0
360027,0.981638346
360029,0
360032,0.97993667
360035,0.918676416
360036,0.926194953
360037,0.935231961
360039,1.037890631
360040,0.90792841
360041,1.031675535
360044,0
360046,0
360048,1.015084796
360051,0.960165873
360052,1.050990169
360054,1.082805474
360055,1.026355988
360056,1.0708656
360058,0.966585978
360059,1.181724705
360064,1.018861508
360065,0.980729286
360066,0.999772748
360068,0.82090052
360070,0.944777841
360071,0.97062689
360072,1.046520116
360074,1.03701502
360075,1.044930755
360076,0.979603364
360077,1.024896445
360078,0.870415677
360079,0.955747749
360080,0.999858043
360081,1.008105049
360082,0
360084,1.054035069
360085,1.064257519
360086,0.983655053
360087,0
360089,0
360090,1.002993153
360091,0.969919431
360092,0
360095,0.863095374
360096,0
360098,1.056320551
360107,0
360109,0
360112,1.012042264
360113,0.989882906
360116,0
360118,0.986697759
360121,0.915970617
360123,1.106435254
360125,1.02448088
360131,0.968031929
360132,0.949678406
360133,1.068455478
360134,0.945293614
360137,1.020491314
360141,1.03425896
360143,1.064169385
360144,0.967984284
360145,0.917461822
360147,1.041567123
360148,0
360150,0
360151,0.989951177
360152,1.065421691
360153,0
360155,0.98301786
360156,0
360159,1.058379283
360161,0.997671172
360163,0.9752613
360170,0.996254097
360172,0.951937852
360174,1.078031173
360175,0
360179,0.954024319
360180,1.131583838
360185,0.969418829
360189,0
360192,1.018342353
360195,0
360197,0.976840759
360203,1.003582842
360210,0
360211,1.012648326
360212,0.994747356
360218,1.020976849
360230,0.951593445
360234,1.031394161
360236,0.998045341
360239,0
360245,0
360247,0
360259,0
360261,0
360262,1.017003441
360263,0
360266,0
360270,0
360271,0
360274,0
360276,1.119791191
360347,0
360348,0
360350,0
360351,0
360352,0
360354,0.957481947
360355,0
360358,0
360359,1.003068847
360360,0
360361,0
360362,0
370001,1.058507214
370002,0
370004,0
370006,1.010345885
370007,0
370008,0.954871824
370011,0
370013,0
370014,1.110283172
370015,0
370016,0.983687432
370018,0.934079554
370019,0
370020,0.981199993
370022,1.012834499
370023,0
370025,0.993157686
370026,0.965590295
370028,0.951096453
370029,0
370030,0
370032,0.992332119
370034,0.983123245
370036,0
370037,1.003674459
370039,0.980352056
370040,0
370041,0
370047,1.088346948
370048,0
370049,0.961698678
370051,0
370054,0
370056,0.872768556
370057,0
370065,0
370072,0
370078,1.131946106
370080,0
370083,0
370089,0.989024925
370091,1.074376415
370093,1.032777925
370094,1.159414009
370097,0
370099,0
370100,0
370103,0
370106,0.949159936
370112,0
370113,1.082240079
370114,1.014696111
370138,0
370139,0
370149,1.057802875
370153,0
370156,0
370158,0
370166,0
370169,0
370170,0
370171,0
370172,0
370173,0
370178,0
370180,0
370183,0
370190,0
370192,0
370199,0
370201,0
370202,0.957326262
370203,0
370206,0
370210,0
370211,0
370212,0
370214,0
370215,0.93724035
370216,0
370218,0.986194842
370220,0
370222,0
370225,0
370227,0
370228,0
370229,0
370233,0
370234,1.015848948
370235,0
370236,0
380001,0.925095542
380002,0.926453974
380004,0.980843391
380005,0
380007,1.101992521
380009,0.957317486
380014,0.953707968
380017,1.033227658
380018,0.768401175
380020,1.019318789
380021,0.936961083
380022,0
380025,1.019123386
380027,1.008201744
380029,0
380033,0
380037,0
380038,0.987957769
380040,0
380047,0.910434296
380050,0.966366269
380051,0.857414753
380052,0
380056,0
380060,0.924363981
380061,0.917630272
380071,0.942503046
380075,1.004897841
380082,0
380089,0.969766675
380090,1.074045906
380091,0
380102,0.906671452
390001,1.054241597
390002,0.977000231
390003,0
390004,0.988186614
390006,1.105584731
390008,0
390009,1.01523425
390012,1.009808209
390013,0.98865234
390016,1.013977263
390019,1.11234303
390025,0
390026,1.071327427
390027,1.004025606
390028,1.179180796
390030,1.027339272
390031,1.070504992
390032,1.05113801
390035,0
390036,1.102137052
390037,1.008947994
390039,0.994396954
390041,0.942499508
390042,1.063402411
390043,0.98875314
390044,0.922595596
390045,0.943327871
390046,1.013153052
390048,1.001262156
390049,0.920706566
390050,1.028313722
390052,1.065707275
390056,0
390057,1.016143013
390058,0.927887871
390061,0.921390763
390062,0
390063,1.036078158
390065,1.009394514
390066,0.996919685
390067,1.02644719
390068,0
390070,1.036749374
390071,0
390072,1.058058487
390073,0.919899269
390076,1.099526466
390079,1.020178635
390080,1.017235721
390081,1.11574681
390084,0
390086,0.964296103
390090,0
390091,1.012412589
390093,1.048809458
390096,0.962209021
390097,0.943488012
390100,0.892057288
390101,0.974916257
390102,1.057830418
390104,0
390107,1.048520111
390110,1.062043015
390111,1.033949508
390112,0
390113,0.989789954
390114,0
390115,1.029007702
390116,0.991949385
390117,0
390118,1.012758926
390119,0.951229881
390122,0
390123,1.066404614
390125,0.886898812
390127,1.053759349
390130,0
390132,0
390133,1.043968719
390137,0.881160469
390138,1.017710282
390139,1.042831274
390142,0.987953736
390145,1.032915855
390146,0.928226878
390147,1.118382842
390150,0
390151,0.93214521
390153,0.896972177
390154,1.004628093
390156,1.063881674
390157,0
390160,0
390162,1.11080244
390163,0.955301184
390164,0.964567519
390168,0.979108973
390173,1.120821428
390174,1.158336705
390178,1.065808762
390179,0.957780155
390180,1.05639113
390183,0.991710616
390184,0
390185,0.996228142
390192,0
390194,0.983713874
390195,1.036185223
390197,0.946104662
390198,0
390199,1.006180911
390201,0.974090993
390203,1.117542653
390204,1.097509462
390211,1.075664848
390217,0
390219,1.095494292
390220,1.02321908
390222,1.083748505
390223,0.961758718
390225,0.950255144
390226,1.058542507
390228,1.012658783
390231,1.076598163
390233,0.903289489
390236,0
390237,1.049335319
390256,0.953345646
390258,0.954007138
390263,1.166329769
390265,0.914437718
390266,0
390267,0.922780661
390268,0.966984372
390270,0.95260502
390272,0
390278,0
390290,0.960525305
390302,0
390304,1.029922875
390307,0
390312,0
390314,0
390316,0
390318,0
390321,0
390322,0
390323,0
390324,0
390325,0
390326,1.029794067
390327,0
390328,0
390329,1.041214417
400001,0
400003,0
400004,0
400005,0
400006,0
400007,0
400009,0
400010,0
400011,0
400012,0
400013,0
400014,0
400015,0
400016,0
400018,0
400019,0
400021,0
400022,0
400024,0
400026,0
400032,0
400044,0
400048,0
400061,0
400079,0
400087,0
400098,0
400102,0
400103,0
400104,0
400105,0
400106,0
400109,0
400110,0
400111,0
400112,0
400113,0
400114,0
400115,0
400117,0
400118,0
400120,0
400121,0
400122,0
400123,0
400124,0
400125,0
400126,0
400127,0
400128,0
400130,0
400131,0
410001,1.038160182
410004,0.955647761
410005,1.039771271
410006,0.964222935
410007,1.066098925
410008,0.925650668
410009,0.996025801
410010,0
410011,1.053621378
410012,1.10373593
410013,0.982296968
420002,0.93824295
420004,1.052436516
420005,1.060741151
420007,0.976828253
420009,0.997478905
420010,0
420011,0.997767148
420015,1.019442847
420016,0
420018,1.015206752
420019,0
420020,1.108495435
420023,0.984717784
420026,0.981078717
420027,0.957565592
420030,1.010770222
420033,0
420036,1.083339226
420037,0
420038,0
420039,0
420043,0
420048,0.983674194
420049,1.013222826
420051,1.01148313
420053,1.01244064
420054,0
420055,1.185314055
420057,0
420062,0
420065,0
420066,0
420067,0.964392207
420068,0.999742319
420069,0
420070,1.076790226
420071,1.031250565
420072,0
420073,0.883750955
420078,0.969097819
420079,0.948756094
420080,1.110347582
420082,0.97501298
420083,0.9646214
420085,1.056840203
420086,0.918055183
420087,0.929316208
420089,0
420091,1.238000807
420098,0.95773157
420101,0
420102,0
420103,0
420104,0
420105,0.969124375
430005,0.97391898
430008,0.952689077
430012,0.961788282
430013,0.984162609
430014,0.888023641
430015,0
430016,0.949603154
430027,0.841616112
430048,0
430077,0.973641778
430081,0
430082,0
430083,0
430084,0
430089,0
430090,0
430091,0
430092,0
430093,0
430094,0
430095,0.821603878
430096,0
430097,0
440001,0
440002,0.993057914
440003,0.995468425
440006,1.019602201
440007,0
440008,0
440009,1.014632134
440010,0
440011,1.00576764
440012,0.988587075
440015,0.993159522
440016,0
440017,1.069887294
440018,0
440020,0
440025,0.999810238
440029,1.019186622
440030,1.005903127
440031,0
440032,0
440033,0
440034,1.073372317
440035,1.07828284
440039,1.036550721
440040,0
440046,0.988665142
440047,0
440048,0.933137947
440049,1.038818402
440050,0
440051,0
440053,1.154903996
440054,0
440056,1.09917388
440057,1.039005109
440058,1.015190621
440059,1.058429763
440060,0
440061,0
440063,1.145701477
440064,0.991205485
440065,1.009731008
440067,0
440068,0
440070,0
440072,1.08435746
440073,1.100701935
440081,0.963421166
440082,0.993874266
440083,0
440084,0
440091,0.949925407
440102,0
440104,0.913931597
440109,1.017984885
440110,1.035839878
440111,0
440115,0
440120,1.031241869
440125,1.060847566
440130,0
440131,0
440132,1.011336027
440133,0.998654843
440137,0
440141,0
440144,0.940919409
440148,0
440150,0.993667136
440151,0
440152,0
440153,0
440156,0.888613595
440159,0
440161,0.910189133
440168,0
440173,0.829601609
440174,0
440175,0
440176,1.04130206
440180,0
440181,0
440182,0
440183,0.949583236
440184,0
440185,1.018559765
440187,0
440189,1.191387425
440192,1.062544094
440193,0.970591038
440194,0.947198008
440197,0.961475766
440200,0
440218,0
440227,0.935879441
440228,0.989586235
440231,0
440232,0
450002,0.96532477
450005,0.975673834
450007,0.991848354
450010,1.000196317
450011,0.948407338
450015,1.016472704
450018,1.03336276
450021,0.947838497
450023,0.907923267
450024,1.005498623
450028,1.007466735
450029,1.033263025
450032,0
450033,1.021277552
450034,0.954012882
450035,0.949535146
450037,0.928873843
450039,1.008265567
450040,0.952140758
450042,0.992590601
450044,0.957743644
450046,0.98594261
450051,1.076889704
450052,0
450054,0.9868065
450055,0
450056,1.018361982
450058,0.915346104
450064,1.070144085
450068,1.010049294
450072,0.927233792
450073,0
450078,0
450079,1.010371648
450080,0
450082,0
450083,1.008936851
450085,0
450087,0.95108989
450090,0
450092,0.965663278
450097,1.152298198
450099,0
450101,0.986727624
450102,0.858054744
450104,1.032710154
450107,0.982970416
450108,0
450119,1.041561806
450124,0.991340103
450128,0.987701058
450130,0.98801108
450132,1.067745064
450133,0.931878349
450135,1.001076074
450137,0.961073339
450143,0
450144,0
450147,0.87819247
450148,0
450152,1.010833846
450154,0
450155,0
450162,0
450163,0
450165,0
450176,1.004366091
450177,0
450178,0
450184,0.884642419
450187,0.956379718
450188,0
450192,0
450193,0.90782967
450194,0
450196,0.924563638
450200,1.054969975
450203,0.990837225
450209,0.93145976
450210,0
450211,0.966188851
450213,0.946756516
450214,0
450219,0
450221,0
450222,1.110026591
450229,0.936312654
450231,0.943088853
450235,0
450236,0.920276938
450237,0.934776926
450241,0
450243,0
450253,0
450270,0
450271,1.004338333
450272,0.996836551
450280,0.99473837
450283,0
450289,1.072532457
450292,0
450293,0
450296,0
450299,1.00542641
450306,0
450324,1.005738313
450330,0.960778498
450340,0.988566895
450346,1.09898738
450347,0
450348,0
450351,1.012972242
450352,0
450358,0.993843146
450369,0
450370,0
450372,0
450373,0
450379,0.997398127
450388,1.01269379
450389,0.985814455
450395,0
450399,0
450400,0
450403,0.912923161
450411,0
450419,0
450422,0
450424,0.900782171
450431,0.863482117
450446,0
450447,1.010445681
450451,0
450460,0
450462,1.048800481
450465,0.91848808
450469,1.08010776
450475,0
450484,1.002169995
450488,0
450489,0
450497,0
450498,0
450508,0.95123415
450518,0.973590792
450537,0.948438632
450539,0
450558,1.040018291
450563,0.986415491
450565,0
450571,0.99385806
450573,0
450578,0
450580,0
450584,0
450586,0
450587,0
450591,0
450596,1.047467729
450597,0
450604,0.953115749
450605,0
450610,0.880031354
450615,0
450617,0.953871721
450620,0
450634,1.066762368
450638,1.067536875
450639,1.013816843
450641,0
450643,0.959606305
450644,0.980759461
450647,1.06497688
450651,1.010212609
450653,0
450654,0.992961401
450656,1.085018111
450658,0
450659,1.015971862
450661,0.90969513
450662,0.966301729
450668,0.859869117
450669,1.056788209
450670,0.968757237
450672,0.933902254
450674,0
450675,1.095785607
450677,0.901659882
450678,1.071489623
450683,0
450684,0.986712966
450686,1.099042104
450688,0.981417328
450690,1.010185125
450694,0
450697,0.9963898
450698,0
450702,1.009779477
450709,1.071366499
450711,1.079126693
450713,1.096978504
450716,0.96768945
450718,0.961686957
450723,0.938639619
450730,1.033475565
450742,0.96950295
450743,1.07433278
450746,0
450747,0.982419273
450749,0
450754,0
450755,0
450766,0
450770,0
450771,1.027858685
450774,0
450775,0.9640932
450779,0.944920022
450780,0
450788,1.083233313
450795,0
450796,0
450797,0
450801,1.048817193
450803,0.976284322
450804,0
450808,0
450809,0.93149344
450813,0
450820,0.971445861
450822,1.021558573
450825,0
450827,0
450828,0.947498325
450831,0
450832,1.04223881
450833,0
450834,0
450839,0
450840,0
450841,0
450844,1.015072396
450845,0
450847,0.989903657
450848,0
450851,0.807545074
450853,0
450855,0.976678296
450856,0
450860,0
450862,1.02201988
450864,0
450865,0
450867,0
450869,0.950422324
450871,0
450872,0
450874,0
450875,0
450876,0.917972497
450877,0
450880,0
450883,0
450884,0
450885,1.051251106
450886,0
450888,0
450889,0
450890,1.001240152
450891,0
450893,0
450894,0
460001,0.936631679
460003,1.075906272
460004,0.984250141
460005,0.889668644
460006,0
460007,0
460009,0.993040017
460010,0.866935819
460011,0
460013,0.963346071
460014,0
460015,0.950059534
460017,0
460019,0
460021,0.930972693
460023,0
460026,0
460030,0
460033,0
460035,0
460039,0
460041,1.022047851
460042,0.940173388
460043,0
460044,0
460047,0.923540079
460049,0
460051,0.969081203
460052,0.983855927
460054,0
460057,0
460058,0
460059,0
470001,0.910830051
470003,0.919209712
470005,0.967067409
470011,0
470012,1.020347831
470024,0.938449093
490001,0
490002,0
490004,0.984181697
490005,0.957131563
490007,0.888099831
490009,1.050565979
490011,0.955925027
490012,0
490013,0.869266029
490017,1.062862637
490018,0.832754553
490019,1.038868691
490020,1.05334264
490021,1.166396863
490022,1.007065246
490023,0.988321653
490024,1.031492372
490032,0.993381412
490033,0
490037,1.125135663
490038,1.016450372
490040,0.999891886
490041,1.02353439
490042,0.991138198
490043,0.951476105
490044,0.969990307
490045,0.965205284
490046,1.00936533
490048,1.235824306
490050,0.930052013
490052,0.993691359
490053,1.097444653
490057,0.950901187
490059,1.037656875
490060,1.033585119
490063,0.974084055
490066,1.048874605
490067,1.131103458
490069,1.09195009
490075,1.036470758
490077,0.953107885
490079,1.027031532
490084,0.986038202
490088,0
490089,0
490090,1.007795455
490092,0.935292401
490093,1.087217502
490094,0
490097,1.12327919
490098,0.984160811
490101,1.071370062
490104,0
490105,0
490106,0
490107,0.981338135
490109,0
490110,0.960033379
490111,0.978487351
490112,1.07821274
490113,1.065650816
490114,1.121981836
490115,0
490116,1.056498289
490117,0
490118,0.942395795
490119,0.937318369
490120,0.958961055
490122,1.074197557
490123,0
490126,0.986710344
490127,0
490130,1.005911031
490134,0
490135,0
490136,1.127665649
490140,1.007668664
490141,1.104866742
490143,0
500001,1.02166122
500002,0.949105214
500003,0.894963133
500005,0.988430362
500007,1.07380728
500008,1.04591701
500011,0.977507286
500012,1.06606599
500014,0.982389726
500015,1.003348118
500016,0.847855319
500019,1.022446394
500021,0.994963455
500024,0.90034455
500025,0.977494505
500026,1.098065103
500027,1.018765121
500030,0.868475981
500031,0.956286908
500033,0
500036,0.958379807
500037,0
500039,0.995592771
500041,0.944872739
500044,0.963393398
500049,0.996439034
500050,1.152810243
500051,0.902818677
500052,0
500053,0
500054,0.723848297
500058,0.852578981
500060,0
500064,0.955707475
500072,0.960635513
500077,0.935139178
500079,1.05881071
500084,0
500088,0.937031598
500108,1.062158564
500119,0
500124,0.952147796
500129,1.023839805
500139,0.963435064
500141,0.964173092
500148,0
500150,0.984261577
500151,0.972002473
500152,1.063754863
510001,1.027991384
510002,0.975015734
510006,1.048543422
510007,0.978409502
510008,0.917868348
510012,0
510013,1.019424628
510022,1.049542696
510023,0.982962859
510024,1.091082158
510029,0.965168316
510030,0.932877752
510031,1.012918934
510038,0
510039,1.034508929
510046,1.002449559
510047,0.937882788
510048,0.987869882
510050,1.043490648
510053,0
510055,1.000191615
510058,1.031878494
510062,0
510070,1.177737332
510071,0.938534645
510072,0
510077,0
510082,0
510085,0
510086,0
520002,0.949189752
520004,0.877714816
520008,0.964568067
520009,0.967000635
520011,0
520013,0.912163882
520017,0
520019,1.024317399
520021,1.075245095
520027,0.939259039
520028,0.956225144
520030,0.770198469
520033,0
520034,1.004596838
520035,0.954886157
520037,0.984179469
520038,0.963148927
520041,0
520044,1.000512894
520045,1.009055844
520048,1.041940573
520049,0.77176248
520051,1.036224079
520057,0
520059,0.962391316
520062,0.972792068
520063,0
520066,0.973446223
520070,0.893381118
520071,0
520075,1.015339322
520076,0
520078,1.077696913
520083,0.804006323
520087,0.91793155
520088,0.843302351
520089,0.880750989
520091,0
520095,0
520096,1.056251151
520097,1.058247765
520098,1.013043255
520100,0.91541698
520102,0.961030841
520103,1.061618253
520107,0.961196664
520109,0
520113,0.940901711
520116,1.011230663
520136,1.056372783
520138,0.873619684
520139,0.954100507
520160,0.86254996
520177,1.015775704
520189,0
520193,1.054955617
520194,0
520196,0
520198,0.952771308
520202,1.000932416
520204,0
520205,0
520206,0.950070113
520207,0.954582325
520208,0
530002,0
530006,0
530008,0
530010,0
530011,0
530012,0.958324647
530014,1.037312125
530015,0
530025,0
530032,0
530033,0
670002,0
670004,0
670005,0
670006,0
670008,0
670012,0
670018,0
670019,0
670023,0.998659432
670024,0.887990642
670025,1.018022617
670029,0
670031,0.966332423
670034,0.914017951
670041,0.893004177
670043,0
670044,0
670046,0
670047,0.995073943
670049,0
670050,0
670052,0
670053,0.985349883
670054,0
670055,0.947173117
670056,1.07737718
670058,0
670059,0
670060,1.02221902
670061,0
670062,0
670064,0
670066,0
670067,0
670068,0
670069,0
670071,1.000048246
670072,0
670073,0
670075,0
670076,0
670077,0.948643679
670078,0
670079,0
670080,0
670081,0
670082,0
670083,0
670085,0
670087,0
670088,0
670089,0
