Provider_Number,Provider_Number,Readm_rate
10001,10001,"1.016814051"
10005,10005,"0.951875861"
10006,10006,"0.903099104"
10007,10007,"0"
10008,10008,"0"
10016,10016,"1.060057569"
10021,10021,"0"
10022,10022,"0"
10023,10023,"1.091318554"
10032,10032,"0"
10035,10035,"0.936986266"
10036,10036,"0"
10038,10038,"1.054177899"
10039,10039,"0.989228516"
10040,10040,"1.002298958"
10045,10045,"0"
10046,10046,"1.100342771"
10049,10049,"0"
10052,10052,"0"
10055,10055,"1.022929641"
10058,10058,"0"
10059,10059,"0"
10061,10061,"0"
10062,10062,"0"
10069,10069,"0"
10073,10073,"0"
10079,10079,"0"
10083,10083,"1.00455863"
10086,10086,"0"
10089,10089,"0.985780945"
10090,10090,"0.964869234"
10095,10095,"0"
10097,10097,"0"
10100,10100,"1.059621493"
10101,10101,"0"
10108,10108,"0"
10109,10109,"0"
10120,10120,"0"
10125,10125,"0"
10126,10126,"0"
10128,10128,"0"
10129,10129,"0"
10131,10131,"1.134519722"
10144,10144,"1.10301291"
10148,10148,"0"
10149,10149,"0.971936616"
10157,10157,"0"
10158,10158,"1.072397166"
10164,10164,"0.998567371"
10168,10168,"0"
10169,10169,"0"
20001,20001,"0.894039371"
20008,20008,"0"
20017,20017,"0.955426987"
20024,20024,"0"
20026,20026,"1.031802933"
30006,30006,"0.960857075"
30007,30007,"0.966841087"
30013,30013,"1.013930693"
30023,30023,"0.929130121"
30033,30033,"0"
30036,30036,"1.059743846"
30055,30055,"0.892634163"
30061,30061,"1.036360993"
30062,30062,"0.936183506"
30065,30065,"0.976007677"
30069,30069,"0.920732486"
30071,30071,"0"
30078,30078,"0"
30084,30084,"0"
30088,30088,"0.984385674"
30089,30089,"1.133483222"
30094,30094,"0.928552614"
30103,30103,"0.914277912"
30105,30105,"0.948148901"
30114,30114,"0.967529855"
30115,30115,"1.06601556"
30117,30117,"0.972743305"
30119,30119,"0.94887622"
30120,30120,"0"
30122,30122,"0"
40001,40001,"0"
40002,40002,"0"
40010,40010,"0.978329637"
40011,40011,"1.060169474"
40015,40015,"0"
40017,40017,"1.002580437"
40027,40027,"1.095816339"
40029,40029,"0.902681642"
40039,40039,"1.143380845"
40047,40047,"0"
40050,40050,"0"
40051,40051,"0"
40055,40055,"1.054787449"
40071,40071,"0.962537103"
40074,40074,"0"
40078,40078,"1.034404541"
40084,40084,"1.045546755"
40085,40085,"0"
40118,40118,"0.982079875"
40119,40119,"1.144536477"
40134,40134,"0.951664145"
50009,50009,"0.982936093"
50014,50014,"0"
50017,50017,"0.975326648"
50018,50018,"0"
50022,50022,"1.058692328"
50028,50028,"0"
50030,50030,"1.079058231"
50036,50036,"1.082635742"
50038,50038,"0.99636779"
50039,50039,"1.074442632"
50045,50045,"1.007555385"
50054,50054,"0.973059048"
50060,50060,"1.065454801"
50063,50063,"1.103039813"
50089,50089,"0"
50090,50090,"0"
50091,50091,"0"
50093,50093,"0.93892765"
50100,50100,"1.015732447"
50101,50101,"0.973625455"
50102,50102,"0"
50103,50103,"1.060431487"
50104,50104,"0.997060885"
50107,50107,"0.938823498"
50108,50108,"0.91359813"
50110,50110,"0"
50113,50113,"0"
50115,50115,"0.934921401"
50116,50116,"0.950714193"
50118,50118,"1.058748887"
50122,50122,"0.992695223"
50124,50124,"0.991634831"
50125,50125,"1.056393229"
50126,50126,"0.99976725"
50128,50128,"0.938333595"
50131,50131,"0"
50132,50132,"1.012898485"
50133,50133,"1.050816799"
50136,50136,"0.973911793"
50145,50145,"0.866761799"
50152,50152,"0"
50153,50153,"1.027565927"
50158,50158,"0.976932587"
50159,50159,"0"
50167,50167,"0"
50174,50174,"0.822489833"
50192,50192,"0"
50194,50194,"0.991725178"
50195,50195,"1.152018828"
50197,50197,"0.913648702"
50204,50204,"1.053534673"
50211,50211,"1.020797352"
50222,50222,"0.962347469"
50231,50231,"0.923500583"
50232,50232,"0.890043303"
50239,50239,"1.090220472"
50242,50242,"0.888074448"
50243,50243,"1.117954863"
50245,50245,"0.985242798"
50248,50248,"0"
50261,50261,"1.108246973"
50262,50262,"1.135735241"
50272,50272,"0.970325535"
50276,50276,"0"
50278,50278,"1.016917828"
50279,50279,"0"
50280,50280,"0.86178928"
50281,50281,"0.987026908"
50289,50289,"1.068620663"
50290,50290,"0.927282908"
50296,50296,"0"
50298,50298,"0"
50309,50309,"0.794294903"
50313,50313,"0"
50324,50324,"0.894385821"
50327,50327,"0.915438593"
50329,50329,"1.020896259"
50334,50334,"0.939589044"
50335,50335,"1.005232772"
50336,50336,"0.970060419"
50350,50350,"1.136853696"
50351,50351,"1.022406514"
50352,50352,"0"
50357,50357,"0"
50359,50359,"1.053550445"
50360,50360,"0.883715663"
50367,50367,"1.00733268"
50378,50378,"0"
50390,50390,"0.890284825"
50396,50396,"0.912785217"
50397,50397,"0"
50407,50407,"0"
50414,50414,"1.009454328"
50417,50417,"0.954489576"
50423,50423,"0"
50424,50424,"0.942242303"
50426,50426,"0.941348778"
50441,50441,"0.912929874"
50455,50455,"1.05194474"
50468,50468,"1.024008848"
50481,50481,"1.006837933"
50485,50485,"1.133621856"
50488,50488,"1.059288074"
50492,50492,"0.969587384"
50498,50498,"0.94513223"
50502,50502,"1.088366738"
50506,50506,"1.031715624"
50516,50516,"1.004608389"
50517,50517,"0"
50523,50523,"1.040926319"
50526,50526,"1.001705602"
50528,50528,"0"
50537,50537,"0"
50551,50551,"1.061290567"
50552,50552,"0"
50568,50568,"1.004272932"
50573,50573,"0.927729652"
50580,50580,"0.99768615"
50581,50581,"1.056580997"
50586,50586,"0"
50588,50588,"0"
50590,50590,"1.005200652"
50597,50597,"1.037593606"
50599,50599,"1.078119492"
50608,50608,"0"
50618,50618,"0"
50624,50624,"0.916898873"
50625,50625,"0.971850323"
50633,50633,"1.040769411"
50636,50636,"0.962992555"
50641,50641,"1.050734804"
50663,50663,"1.042099972"
50678,50678,"1.017835854"
50688,50688,"1.031686271"
50696,50696,"0.994555232"
50709,50709,"0.994442227"
50724,50724,"0.970309543"
50727,50727,"1.020261802"
50735,50735,"0.961543712"
50736,50736,"0"
50737,50737,"0.987389484"
50738,50738,"0"
50739,50739,"1.171173989"
50740,50740,"1.002273793"
50742,50742,"1.135045408"
50755,50755,"1.089250666"
50757,50757,"1.012763274"
50758,50758,"1.015012324"
50761,50761,"0.94943577"
50764,50764,"1.054543437"
60001,60001,"0.956530683"
60003,60003,"0.969672059"
60004,60004,"0.942716188"
60006,60006,"0.985953985"
60008,60008,"0"
60010,60010,"0.997817381"
60013,60013,"0.912537181"
60027,60027,"0.96269735"
60030,60030,"0.900428791"
60032,60032,"1.022387902"
60034,60034,"0.96109881"
60036,60036,"0.955191405"
60043,60043,"0"
60044,60044,"0"
60049,60049,"0"
60065,60065,"0.932814628"
60071,60071,"0"
60076,60076,"0"
60112,60112,"0.986462451"
60114,60114,"0.978190534"
60119,60119,"0.959896762"
70003,70003,"0.907571579"
70004,70004,"0.985239721"
70005,70005,"1.066648884"
70006,70006,"0.861119253"
70007,70007,"1.02385562"
70008,70008,"0"
70010,70010,"0.971705211"
70011,70011,"1.106810342"
70015,70015,"0.978780067"
70017,70017,"1.12573452"
70020,70020,"0.890383462"
70022,70022,"1.082829678"
70025,70025,"1.032695887"
70027,70027,"0.994201837"
70029,70029,"1.015119634"
70031,70031,"1.065475124"
70033,70033,"1.027733137"
80006,80006,"0.906498884"
100009,100009,"1.108229264"
100012,100012,"1.082193977"
100022,100022,"1.076494377"
100023,100023,"0.838379842"
100025,100025,"0.933586814"
100028,100028,"0.953456097"
100029,100029,"0.985992068"
100034,100034,"1.004800366"
100035,100035,"0.974340931"
100038,100038,"1.065379468"
100039,100039,"0.947201087"
100044,100044,"1.054041062"
100045,100045,"1.044076782"
100046,100046,"1.102557674"
100048,100048,"0"
100049,100049,"1.024261561"
100050,100050,"1.006557637"
100051,100051,"0.949409785"
100052,100052,"1.016878597"
100053,100053,"1.117540694"
100054,100054,"0"
100055,100055,"0.974718088"
100057,100057,"1.150179883"
100062,100062,"0.867221815"
100063,100063,"0.915840489"
100068,100068,"0.964530893"
100069,100069,"0"
100072,100072,"0.987163968"
100080,100080,"1.091639655"
100081,100081,"0"
100084,100084,"1.107570232"
100087,100087,"0.801514383"
100093,100093,"1.027931745"
100099,100099,"1.073095496"
100102,100102,"1.112899832"
100107,100107,"1.00232704"
100109,100109,"0.968995704"
100110,100110,"1.051057193"
100118,100118,"1.101958025"
100121,100121,"0"
100122,100122,"1.058303826"
100124,100124,"0"
100125,100125,"1.054895351"
100126,100126,"1.030134113"
100127,100127,"0.920746794"
100128,100128,"1.033444751"
100130,100130,"1.00073537"
100131,100131,"1.111558181"
100132,100132,"1.000782068"
100137,100137,"1.113848409"
100150,100150,"0"
100156,100156,"1.04742381"
100157,100157,"1.047061893"
100161,100161,"0.980327471"
100166,100166,"0.933272385"
100167,100167,"1.02406642"
100168,100168,"1.024019253"
100173,100173,"1.081103248"
100176,100176,"0.96997556"
100181,100181,"0.989279527"
100183,100183,"1.045543842"
100187,100187,"1.150994612"
100191,100191,"1.036000073"
100200,100200,"1.058081155"
100204,100204,"1.085328497"
100206,100206,"0"
100209,100209,"1.113536347"
100212,100212,"1.017538635"
100213,100213,"1.003197579"
100217,100217,"1.053971244"
100223,100223,"1.022726011"
100224,100224,"1.003789391"
100226,100226,"0.945694993"
100228,100228,"1.081035609"
100230,100230,"0"
100231,100231,"1.002106069"
100232,100232,"0.960900317"
100236,100236,"0.973904324"
100242,100242,"1.069689005"
100243,100243,"0.955391296"
100244,100244,"1.130431814"
100248,100248,"1.058800211"
100249,100249,"0.866157215"
100252,100252,"1.110743435"
100253,100253,"0.852192108"
100254,100254,"1.106749957"
100256,100256,"1.045542175"
100258,100258,"0.977637512"
100259,100259,"1.055978842"
100264,100264,"1.116387106"
100265,100265,"0.921434021"
100266,100266,"0.964567487"
100267,100267,"1.034621196"
100269,100269,"0.977720382"
100275,100275,"1.014916703"
100276,100276,"0.982156598"
100281,100281,"1.029091321"
100284,100284,"1.022819606"
100285,100285,"0"
100291,100291,"1.031348153"
100292,100292,"0.947940853"
110001,110001,"0.912865109"
110002,110002,"0"
110007,110007,"0.970815553"
110010,110010,"1.01067218"
110015,110015,"0"
110023,110023,"1.062351662"
110024,110024,"1.061922254"
110026,110026,"0"
110028,110028,"0.997011234"
110030,110030,"0.978065713"
110032,110032,"1.018871654"
110035,110035,"0.971518607"
110039,110039,"1.042743208"
110040,110040,"0.986940525"
110044,110044,"0"
110045,110045,"0"
110050,110050,"0"
110051,110051,"0.942729133"
110054,110054,"0.90394783"
110069,110069,"1.119832447"
110071,110071,"0"
110073,110073,"0"
110074,110074,"0.88009175"
110075,110075,"0.983090306"
110078,110078,"0.973420376"
110079,110079,"1.012873333"
110089,110089,"0"
110091,110091,"1.002129389"
110092,110092,"0"
110095,110095,"1.033756191"
110100,110100,"0"
110104,110104,"0.986122172"
110105,110105,"0"
110113,110113,"0"
110122,110122,"0.865841971"
110124,110124,"0"
110125,110125,"0.942818936"
110128,110128,"1.041652526"
110130,110130,"0"
110132,110132,"0"
110135,110135,"0"
110142,110142,"0"
110143,110143,"1.022288965"
110150,110150,"0"
110153,110153,"0"
110164,110164,"0.961629421"
110165,110165,"0.963566387"
110168,110168,"0.893891502"
110184,110184,"1.001986654"
110187,110187,"0"
110189,110189,"0"
110191,110191,"1.002792608"
110201,110201,"0"
110215,110215,"1.035428145"
110230,110230,"0.933502813"
120002,120002,"0.948115996"
120004,120004,"1.060792619"
120006,120006,"0.984088346"
120007,120007,"0.93968403"
120014,120014,"1.017011027"
120022,120022,"0.960506839"
120026,120026,"1.088341068"
130013,130013,"0.988530713"
130014,130014,"0.976978294"
130018,130018,"0.900881986"
130025,130025,"0"
130025,130025,"0"
130025,130025,"0"
130025,130025,"0"
130025,130025,"0"
130025,130025,"0"
130025,130025,"0"
130025,130025,"0"
130028,130028,"0.84018251"
130049,130049,"0.853139884"
140002,140002,"0.881620403"
140007,140007,"1.178201261"
140008,140008,"0.952032005"
140010,140010,"1.015715042"
140011,140011,"0.990704912"
140012,140012,"1.047996823"
140015,140015,"1.04649288"
140019,140019,"0"
140040,140040,"1.037116637"
140043,140043,"0.995255727"
140048,140048,"1.067135167"
140049,140049,"1.045080917"
140051,140051,"1.007207958"
140058,140058,"0"
140059,140059,"0.970766314"
140062,140062,"1.0469939"
140063,140063,"1.065369417"
140065,140065,"1.045361429"
140068,140068,"1.015818388"
140080,140080,"1.080978665"
140083,140083,"0"
140084,140084,"0.971211139"
140088,140088,"1.052395744"
140093,140093,"0.993489322"
140113,140113,"1.069798513"
140114,140114,"0.988268936"
140115,140115,"0"
140117,140117,"0.987356359"
140118,140118,"1.087946759"
140119,140119,"0.945341918"
140125,140125,"1.0719576"
140135,140135,"0.991015087"
140147,140147,"1.002856883"
140160,140160,"0.993032325"
140164,140164,"0.974910534"
140167,140167,"0.997427248"
140174,140174,"1.059070252"
140177,140177,"0"
140179,140179,"1.092526268"
140181,140181,"0"
140182,140182,"1.085960035"
140184,140184,"1.056133381"
140186,140186,"0.944083155"
140189,140189,"1.071219949"
140191,140191,"1.212588467"
140197,140197,"0"
140200,140200,"1.046651047"
140202,140202,"0.950699641"
140210,140210,"0"
140223,140223,"1.023403059"
140231,140231,"0.930160175"
140239,140239,"0.967044331"
140242,140242,"0.995985522"
140250,140250,"1.070696144"
140252,140252,"1.150783106"
140258,140258,"1.003508754"
140280,140280,"1.008532892"
140281,140281,"1.072366798"
140288,140288,"0.979158602"
140289,140289,"0.997428384"
140291,140291,"1.004913435"
140294,140294,"0"
140304,140304,"1.066546403"
160008,160008,"0.966260303"
160024,160024,"0.929549476"
160030,160030,"0.952300341"
160032,160032,"0"
160040,160040,"0"
160067,160067,"0.937836678"
160082,160082,"0.833226006"
160089,160089,"1.04277823"
160122,160122,"1.084692638"
160147,160147,"0"
170009,170009,"0"
170012,170012,"0.938970878"
170013,170013,"0.751209505"
170014,170014,"0"
170027,170027,"0"
170039,170039,"0"
170049,170049,"1.032977195"
170068,170068,"0"
170074,170074,"0"
170094,170094,"0"
170104,170104,"1.069613373"
170109,170109,"0"
170110,170110,"0"
170120,170120,"0"
170123,170123,"0.936624917"
170145,170145,"0"
170146,170146,"0.988287036"
170166,170166,"0"
170175,170175,"0.969150301"
170182,170182,"1.02512173"
170185,170185,"0.979663923"
170186,170186,"0.818699462"
170191,170191,"0"
180002,180002,"0"
180012,180012,"1.010421461"
180019,180019,"0.988391083"
180021,180021,"0"
180024,180024,"0"
180027,180027,"1.114860826"
180029,180029,"1.220849641"
180036,180036,"1.087547696"
180038,180038,"0.984280295"
180044,180044,"1.108289799"
180046,180046,"0"
180048,180048,"0.944790137"
180049,180049,"1.017169754"
180051,180051,"1.040028512"
180053,180053,"0"
180064,180064,"0"
180066,180066,"0"
180070,180070,"0"
180079,180079,"0"
180080,180080,"1.037950445"
180092,180092,"0.963490731"
180093,180093,"0.969754406"
180101,180101,"0"
180102,180102,"0.974645514"
180103,180103,"1.004088353"
180104,180104,"1.052842117"
180105,180105,"0"
180116,180116,"1.04067816"
180127,180127,"1.000001994"
180128,180128,"0"
180130,180130,"0.951453395"
180132,180132,"1.082366536"
180138,180138,"0"
180139,180139,"0"
180141,180141,"1.007285721"
180143,180143,"1.052416683"
190002,190002,"1.107735257"
190004,190004,"1.056337974"
190007,190007,"0"
190008,190008,"0.987860951"
190013,190013,"0.996470403"
190020,190020,"1.008716383"
190025,190025,"0"
190026,190026,"1.031472663"
190034,190034,"0"
190039,190039,"1.086210793"
190046,190046,"1.011927056"
190050,190050,"0"
190053,190053,"1.025286247"
190060,190060,"1.014715869"
190064,190064,"0.899131347"
190081,190081,"0"
190086,190086,"0.977564401"
190090,190090,"0"
190099,190099,"0"
190106,190106,"0"
190116,190116,"0"
190133,190133,"0"
190140,190140,"0"
190144,190144,"0.989985611"
190145,190145,"0"
190146,190146,"0.875032142"
190151,190151,"0"
190160,190160,"1.123683949"
190164,190164,"0"
190176,190176,"1.039216373"
190190,190190,"0"
190202,190202,"0.927385246"
190208,190208,"0"
190218,190218,"0"
190263,190263,"0.937288249"
200009,200009,"0.830110304"
200020,200020,"0.969430277"
200021,200021,"1.011529039"
200024,200024,"0.919507154"
200031,200031,"1.006035561"
200033,200033,"0.878370894"
200037,200037,"1.031628074"
200041,200041,"0.93835278"
200050,200050,"0.971129083"
200052,200052,"0"
210002,210002,"1.121162655"
210005,210005,"0.992757969"
210011,210011,"0.892358658"
210012,210012,"1.014243702"
210013,210013,"0"
210017,210017,"0.980941672"
210018,210018,"1.100226767"
210019,210019,"0.907152605"
210023,210023,"1.085126866"
210024,210024,"0.993182903"
210027,210027,"1.024430282"
210029,210029,"1.095660414"
210033,210033,"1.013676991"
210034,210034,"0.966719123"
210039,210039,"0.973990098"
210048,210048,"0.956112524"
210056,210056,"1.114358829"
210061,210061,"1.096104806"
220002,220002,"1.008457797"
220008,220008,"0.99366086"
220010,220010,"1.116666122"
220012,220012,"0.960933711"
220016,220016,"1.093159585"
220019,220019,"0.959521392"
220020,220020,"1.033830715"
220024,220024,"0.937882097"
220029,220029,"1.077088346"
220050,220050,"0"
220052,220052,"0.946183336"
220071,220071,"1.054442191"
220073,220073,"0.98715516"
220077,220077,"0.876708523"
220080,220080,"1.059931343"
220083,220083,"0.969613428"
220086,220086,"1.16691954"
220088,220088,"0"
220090,220090,"1.024831157"
220095,220095,"0.994752739"
220098,220098,"0"
220101,220101,"0.931367411"
220105,220105,"1.076258829"
220110,220110,"1.139506387"
220116,220116,"1.170645929"
220119,220119,"0.996196089"
220126,220126,"1.121237064"
220135,220135,"0.940641675"
220177,220177,"0"
230013,230013,"0"
230017,230017,"0.916187026"
230022,230022,"0.959301602"
230037,230037,"0.90200481"
230041,230041,"1.091061598"
230053,230053,"1.147460761"
230069,230069,"0"
230080,230080,"1.065011717"
230085,230085,"0"
230093,230093,"0"
230095,230095,"0.945578525"
230097,230097,"0.938325008"
230117,230117,"0.903823672"
230118,230118,"0.993514806"
230121,230121,"0.98891792"
230132,230132,"1.03385295"
230133,230133,"0"
230141,230141,"1.004071072"
230146,230146,"0.977168033"
230174,230174,"0"
230193,230193,"0.905279231"
230207,230207,"0.971276952"
230217,230217,"0.956967553"
230227,230227,"1.115077448"
230236,230236,"0.958235714"
230244,230244,"1.181906445"
230254,230254,"1.009163141"
240001,240001,"0.867247461"
240004,240004,"0.926283999"
240006,240006,"0"
240014,240014,"0"
240018,240018,"0"
240020,240020,"0"
240030,240030,"0"
240038,240038,"1.053530899"
240050,240050,"0"
240053,240053,"1.026637434"
240056,240056,"0.929106187"
240057,240057,"0.871229862"
240059,240059,"0"
240069,240069,"1.072126945"
240071,240071,"0"
240076,240076,"0"
240078,240078,"0.99437959"
240088,240088,"0"
240100,240100,"0.988736853"
240106,240106,"0.851567683"
240132,240132,"0"
240207,240207,"0.999345107"
250009,250009,"0.973211912"
250010,250010,"0"
250040,250040,"1.107806475"
250040,250040,"1.107806475"
250040,250040,"1.107806475"
250040,250040,"1.107806475"
250040,250040,"1.107806475"
250040,250040,"1.107806475"
250040,250040,"1.107806475"
250040,250040,"1.107806475"
250043,250043,"0"
250049,250049,"0"
250061,250061,"0"
250069,250069,"0.912580535"
250077,250077,"0"
250078,250078,"0.99581809"
250093,250093,"0"
250095,250095,"0"
250099,250099,"1.043960527"
250123,250123,"0"
250124,250124,"0"
250126,250126,"0"
250134,250134,"0"
250162,250162,"0"
260001,260001,"1.044940311"
260004,260004,"0"
260009,260009,"0.921628787"
260015,260015,"0"
260017,260017,"0.950548761"
260022,260022,"0"
260025,260025,"0.966437703"
260027,260027,"0.987111509"
260034,260034,"0"
260047,260047,"0.972190391"
260048,260048,"0"
260052,260052,"0.952677464"
260057,260057,"0"
260059,260059,"0"
260061,260061,"0"
260065,260065,"1.030998134"
260068,260068,"0.992606758"
260074,260074,"1.003396959"
260078,260078,"0.941196604"
260080,260080,"0"
260094,260094,"0.974196183"
260096,260096,"1.033421489"
260097,260097,"0"
260102,260102,"0"
260113,260113,"0.984233508"
260175,260175,"0"
260177,260177,"1.012038266"
260186,260186,"0.946975446"
260195,260195,"1.000365968"
260207,260207,"0"
260214,260214,"0"
270004,270004,"0.840340882"
270032,270032,"0"
270051,270051,"0.807610659"
280013,280013,"1.004340747"
280020,280020,"0.957817262"
280061,280061,"0.954645329"
280065,280065,"0.970736097"
280111,280111,"0"
280128,280128,"0.872469241"
290001,290001,"0.937472315"
290002,290002,"0"
290005,290005,"0"
290006,290006,"0"
290008,290008,"0.983688015"
290019,290019,"0.938113439"
290021,290021,"1.181605669"
290032,290032,"0.986506884"
290039,290039,"1.012805392"
290041,290041,"1.017462153"
290046,290046,"0.961060701"
290049,290049,"0"
290054,290054,"1.034882753"
300001,300001,"0.864996425"
300005,300005,"0.905014116"
300012,300012,"1.014727912"
300014,300014,"0.970999774"
300017,300017,"1.039852541"
300018,300018,"0.971674905"
300019,300019,"0.976184169"
300029,300029,"1.06214872"
300034,300034,"0.870322524"
310002,310002,"1.030145116"
310005,310005,"0.937668014"
310008,310008,"1.076423832"
310009,310009,"0.99895762"
310014,310014,"1.190519244"
310024,310024,"1.067411032"
310029,310029,"1.021776044"
310031,310031,"1.075497237"
310034,310034,"1.02794619"
310044,310044,"0.992363871"
310045,310045,"1.030990664"
310047,310047,"1.055095787"
310052,310052,"1.018864677"
310058,310058,"0"
310061,310061,"1.087916296"
310070,310070,"1.075220395"
310073,310073,"1.008034067"
310075,310075,"0.908019928"
310076,310076,"0.996414263"
310083,310083,"1.152005298"
310110,310110,"0.997757048"
310111,310111,"1.067813321"
310112,310112,"0.990941527"
310113,310113,"1.056929881"
310115,310115,"0.99065794"
310118,310118,"0"
320003,320003,"0"
320005,320005,"0.906100544"
320006,320006,"1.0628357"
320009,320009,"0.843281078"
320011,320011,"0"
320016,320016,"0"
320017,320017,"0"
320021,320021,"1.009794615"
320022,320022,"0.990886517"
320030,320030,"0"
320033,320033,"0"
320059,320059,"0"
320061,320061,"0"
320063,320063,"0"
320065,320065,"0"
320074,320074,"0"
320084,320084,"0"
320086,320086,"0.968936576"
330003,330003,"1.054802159"
330014,330014,"1.162159755"
330023,330023,"0.938800651"
330027,330027,"1.065350517"
330028,330028,"1.101629176"
330030,330030,"0.983020203"
330043,330043,"1.050258325"
330049,330049,"0"
330053,330053,"0.980747826"
330058,330058,"0.955256598"
330065,330065,"0.977643223"
330073,330073,"0.949087261"
330078,330078,"1.028621647"
330088,330088,"0"
330090,330090,"1.005221949"
330094,330094,"0.984006435"
330096,330096,"1.005044739"
330102,330102,"1.08023896"
330103,330103,"0.967009535"
330104,330104,"1.132840742"
330106,330106,"1.158246486"
330107,330107,"1.012060914"
330111,330111,"0"
330115,330115,"0"
330125,330125,"0.946612349"
330126,330126,"1.125296899"
330135,330135,"1.029505311"
330141,330141,"0.992607607"
330153,330153,"0.91291144"
330157,330157,"0.96935394"
330162,330162,"1.091746431"
330180,330180,"0.917680496"
330181,330181,"1.066467921"
330191,330191,"0.979583914"
330193,330193,"1.10354389"
330194,330194,"1.029742639"
330195,330195,"1.084220809"
330198,330198,"1.142797056"
330201,330201,"1.0357303"
330203,330203,"1.001695799"
330218,330218,"1.079468724"
330219,330219,"1.041332565"
330221,330221,"1.118703339"
330222,330222,"0.969005901"
330229,330229,"0"
330234,330234,"1.070646029"
330235,330235,"1.052598958"
330236,330236,"1.180112894"
330265,330265,"0"
330268,330268,"0"
330273,330273,"1.088934637"
330285,330285,"1.071754166"
330286,330286,"0.974731472"
330307,330307,"0.902438256"
330331,330331,"1.07624002"
330340,330340,"1.003617756"
330397,330397,"0"
340003,340003,"1.021442399"
340004,340004,"0.926904474"
340008,340008,"0.994235002"
340014,340014,"0.977203755"
340020,340020,"1.03557351"
340021,340021,"1.016498565"
340023,340023,"1.008012914"
340024,340024,"0"
340027,340027,"1.034300603"
340028,340028,"1.060128734"
340030,340030,"1.001933757"
340040,340040,"1.11954752"
340042,340042,"0.985700154"
340051,340051,"1.000966431"
340053,340053,"1.07819284"
340060,340060,"1.033444184"
340064,340064,"0.997202378"
340068,340068,"0"
340070,340070,"0.932778102"
340085,340085,"0.978777738"
340097,340097,"0.923952595"
340106,340106,"0"
340107,340107,"0.953840439"
340114,340114,"1.014019424"
340115,340115,"1.017075365"
340116,340116,"0.857645329"
340123,340123,"1.00540714"
340127,340127,"0.951990762"
340129,340129,"1.028387287"
340132,340132,"0.976865508"
340133,340133,"1.025583796"
340141,340141,"1.006119394"
340142,340142,"0.999488909"
340143,340143,"1.027333611"
340144,340144,"0"
340147,340147,"1.036878745"
340159,340159,"0"
340183,340183,"1.022572192"
350011,350011,"0.856633403"
350019,350019,"0.983917809"
360006,360006,"1.040589103"
360008,360008,"1.07957933"
360014,360014,"0"
360017,360017,"0.896854145"
360026,360026,"0"
360027,360027,"0.981638346"
360029,360029,"0"
360036,360036,"0.926194953"
360040,360040,"0.90792841"
360044,360044,"0"
360051,360051,"0.960165873"
360055,360055,"1.026355988"
360056,360056,"1.0708656"
360071,360071,"0.97062689"
360072,360072,"1.046520116"
360079,360079,"0.955747749"
360080,360080,"0.999858043"
360082,360082,"0"
360084,360084,"1.054035069"
360086,360086,"0.983655053"
360087,360087,"0"
360089,360089,"0"
360091,360091,"0.969919431"
360095,360095,"0.863095374"
360096,360096,"0"
360109,360109,"0"
360125,360125,"1.02448088"
360131,360131,"0.968031929"
360137,360137,"1.020491314"
360143,360143,"1.064169385"
360144,360144,"0.967984284"
360148,360148,"0"
360151,360151,"0.989951177"
360153,360153,"0"
360155,360155,"0.98301786"
360174,360174,"1.078031173"
360197,360197,"0.976840759"
360218,360218,"1.020976849"
360230,360230,"0.951593445"
360270,360270,"0"
360348,360348,"0"
370001,370001,"1.058507214"
370007,370007,"0"
370011,370011,"0"
370016,370016,"0.983687432"
370022,370022,"1.012834499"
370034,370034,"0.983123245"
370036,370036,"0"
370039,370039,"0.980352056"
370040,370040,"0"
370041,370041,"0"
370048,370048,"0"
370049,370049,"0.961698678"
370056,370056,"0.872768556"
370065,370065,"0"
370072,370072,"0"
370078,370078,"1.131946106"
370097,370097,"0"
370100,370100,"0"
370112,370112,"0"
370153,370153,"0"
370156,370156,"0"
370158,370158,"0"
370166,370166,"0"
370183,370183,"0"
370202,370202,"0.957326262"
370218,370218,"0.986194842"
380001,380001,"0.925095542"
380002,380002,"0.926453974"
380014,380014,"0.953707968"
380018,380018,"0.768401175"
380020,380020,"1.019318789"
380022,380022,"0"
380025,380025,"1.019123386"
380029,380029,"0"
380037,380037,"0"
380038,380038,"0.987957769"
380050,380050,"0.966366269"
380051,380051,"0.857414753"
380056,380056,"0"
380061,380061,"0.917630272"
380071,380071,"0.942503046"
380075,380075,"1.004897841"
380082,380082,"0"
380090,380090,"1.074045906"
390004,390004,"0.988186614"
390006,390006,"1.105584731"
390008,390008,"0"
390009,390009,"1.01523425"
390013,390013,"0.98865234"
390019,390019,"1.11234303"
390026,390026,"1.071327427"
390027,390027,"1.004025606"
390030,390030,"1.027339272"
390031,390031,"1.070504992"
390036,390036,"1.102137052"
390037,390037,"1.008947994"
390039,390039,"0.994396954"
390041,390041,"0.942499508"
390043,390043,"0.98875314"
390045,390045,"0.943327871"
390050,390050,"1.028313722"
390057,390057,"1.016143013"
390058,390058,"0.927887871"
390061,390061,"0.921390763"
390062,390062,"0"
390068,390068,"0"
390070,390070,"1.036749374"
390071,390071,"0"
390072,390072,"1.058058487"
390073,390073,"0.919899269"
390076,390076,"1.099526466"
390080,390080,"1.017235721"
390084,390084,"0"
390093,390093,"1.048809458"
390097,390097,"0.943488012"
390100,390100,"0.892057288"
390104,390104,"0"
390113,390113,"0.989789954"
390118,390118,"1.012758926"
390119,390119,"0.951229881"
390123,390123,"1.066404614"
390127,390127,"1.053759349"
390137,390137,"0.881160469"
390138,390138,"1.017710282"
390146,390146,"0.928226878"
390151,390151,"0.93214521"
390157,390157,"0"
390162,390162,"1.11080244"
390168,390168,"0.979108973"
390174,390174,"1.158336705"
390184,390184,"0"
390194,390194,"0.983713874"
390198,390198,"0"
390199,390199,"1.006180911"
390201,390201,"0.974090993"
390203,390203,"1.117542653"
390204,390204,"1.097509462"
390211,390211,"1.075664848"
390220,390220,"1.02321908"
390223,390223,"0.961758718"
390237,390237,"1.049335319"
390263,390263,"1.166329769"
390266,390266,"0"
390268,390268,"0.966984372"
390290,390290,"0.960525305"
390304,390304,"1.029922875"
410001,410001,"1.038160182"
410004,410004,"0.955647761"
410006,410006,"0.964222935"
420002,420002,"0.93824295"
420010,420010,"0"
420011,420011,"0.997767148"
420018,420018,"1.015206752"
420019,420019,"0"
420030,420030,"1.010770222"
420033,420033,"0"
420036,420036,"1.083339226"
420037,420037,"0"
420049,420049,"1.013222826"
420053,420053,"1.01244064"
420066,420066,"0"
420069,420069,"0"
420071,420071,"1.031250565"
420072,420072,"0"
420079,420079,"0.948756094"
420085,420085,"1.056840203"
420086,420086,"0.918055183"
420087,420087,"0.929316208"
420089,420089,"0"
420091,420091,"1.238000807"
420101,420101,"0"
430005,430005,"0.97391898"
430008,430008,"0.952689077"
430012,430012,"0.961788282"
430016,430016,"0.949603154"
430048,430048,"0"
430077,430077,"0.973641778"
430095,430095,"0.821603878"
440001,440001,"0"
440002,440002,"0.993057914"
440006,440006,"1.019602201"
440008,440008,"0"
440009,440009,"1.014632134"
440010,440010,"0"
440011,440011,"1.00576764"
440018,440018,"0"
440029,440029,"1.019186622"
440031,440031,"0"
440034,440034,"1.073372317"
440039,440039,"1.036550721"
440040,440040,"0"
440046,440046,"0.988665142"
440050,440050,"0"
440059,440059,"1.058429763"
440060,440060,"0"
440065,440065,"1.009731008"
440067,440067,"0"
440070,440070,"0"
440081,440081,"0.963421166"
440084,440084,"0"
440102,440102,"0"
440109,440109,"1.017984885"
440110,440110,"1.035839878"
440125,440125,"1.060847566"
440132,440132,"1.011336027"
440141,440141,"0"
440150,440150,"0.993667136"
440156,440156,"0.888613595"
440159,440159,"0"
440161,440161,"0.910189133"
440173,440173,"0.829601609"
440176,440176,"1.04130206"
440180,440180,"0"
440181,440181,"0"
440187,440187,"0"
440194,440194,"0.947198008"
440197,440197,"0.961475766"
440227,440227,"0.935879441"
450007,450007,"0.991848354"
450024,450024,"1.005498623"
450029,450029,"1.033263025"
450032,450032,"0"
450042,450042,"0.992590601"
450051,450051,"1.076889704"
450055,450055,"0"
450056,450056,"1.018361982"
450064,450064,"1.070144085"
450072,450072,"0.927233792"
450073,450073,"0"
450080,450080,"0"
450082,450082,"0"
450085,450085,"0"
450087,450087,"0.95108989"
450090,450090,"0"
450097,450097,"1.152298198"
450099,450099,"0"
450104,450104,"1.032710154"
450107,450107,"0.982970416"
450108,450108,"0"
450124,450124,"0.991340103"
450128,450128,"0.987701058"
450132,450132,"1.067745064"
450133,450133,"0.931878349"
450143,450143,"0"
450147,450147,"0.87819247"
450148,450148,"0"
450152,450152,"1.010833846"
450154,450154,"0"
450155,450155,"0"
450162,450162,"0"
450163,450163,"0"
450165,450165,"0"
450176,450176,"1.004366091"
450177,450177,"0"
450178,450178,"0"
450192,450192,"0"
450194,450194,"0"
450196,450196,"0.924563638"
450200,450200,"1.054969975"
450203,450203,"0.990837225"
450222,450222,"1.110026591"
450229,450229,"0.936312654"
450236,450236,"0.920276938"
450241,450241,"0"
450243,450243,"0"
450272,450272,"0.996836551"
450280,450280,"0.99473837"
450292,450292,"0"
450293,450293,"0"
450299,450299,"1.00542641"
450306,450306,"0"
450324,450324,"1.005738313"
450330,450330,"0.960778498"
450340,450340,"0.988566895"
450347,450347,"0"
450369,450369,"0"
450379,450379,"0.997398127"
450389,450389,"0.985814455"
450399,450399,"0"
450400,450400,"0"
450403,450403,"0.912923161"
450411,450411,"0"
450419,450419,"0"
450447,450447,"1.010445681"
450451,450451,"0"
450460,450460,"0"
450465,450465,"0.91848808"
450484,450484,"1.002169995"
450489,450489,"0"
450518,450518,"0.973590792"
450537,450537,"0.948438632"
450539,450539,"0"
450558,450558,"1.040018291"
450563,450563,"0.986415491"
450565,450565,"0"
450571,450571,"0.99385806"
450573,450573,"0"
450578,450578,"0"
450584,450584,"0"
450586,450586,"0"
450587,450587,"0"
450596,450596,"1.047467729"
450605,450605,"0"
450610,450610,"0.880031354"
450617,450617,"0.953871721"
450634,450634,"1.066762368"
450638,450638,"1.067536875"
450641,450641,"0"
450643,450643,"0.959606305"
450644,450644,"0.980759461"
450651,450651,"1.010212609"
450653,450653,"0"
450654,450654,"0.992961401"
450656,450656,"1.085018111"
450659,450659,"1.015971862"
450662,450662,"0.966301729"
450669,450669,"1.056788209"
450670,450670,"0.968757237"
450672,450672,"0.933902254"
450675,450675,"1.095785607"
450688,450688,"0.981417328"
450694,450694,"0"
450697,450697,"0.9963898"
450698,450698,"0"
450702,450702,"1.009779477"
450711,450711,"1.079126693"
450723,450723,"0.938639619"
450730,450730,"1.033475565"
450742,450742,"0.96950295"
450743,450743,"1.07433278"
450747,450747,"0.982419273"
450749,450749,"0"
450754,450754,"0"
450755,450755,"0"
450771,450771,"1.027858685"
450775,450775,"0.9640932"
450820,450820,"0.971445861"
450822,450822,"1.021558573"
450827,450827,"0"
450828,450828,"0.947498325"
450833,450833,"0"
450840,450840,"0"
450847,450847,"0.989903657"
450848,450848,"0"
450855,450855,"0.976678296"
450869,450869,"0.950422324"
450877,450877,"0"
450885,450885,"1.051251106"
450890,450890,"1.001240152"
460003,460003,"1.075906272"
460005,460005,"0.889668644"
460006,460006,"0"
460010,460010,"0.866935819"
460011,460011,"0"
460014,460014,"0"
460015,460015,"0.950059534"
460017,460017,"0"
460019,460019,"0"
460030,460030,"0"
460033,460033,"0"
460035,460035,"0"
460039,460039,"0"
460041,460041,"1.022047851"
460044,460044,"0"
460051,460051,"0.969081203"
460058,460058,"0"
470005,470005,"0.967067409"
470011,470011,"0"
490001,490001,"0"
490002,490002,"0"
490005,490005,"0.957131563"
490007,490007,"0.888099831"
490009,490009,"1.050565979"
490011,490011,"0.955925027"
490017,490017,"1.062862637"
490018,490018,"0.832754553"
490020,490020,"1.05334264"
490024,490024,"1.031492372"
490037,490037,"1.125135663"
490038,490038,"1.016450372"
490040,490040,"0.999891886"
490042,490042,"0.991138198"
490043,490043,"0.951476105"
490044,490044,"0.969990307"
490046,490046,"1.00936533"
490050,490050,"0.930052013"
490052,490052,"0.993691359"
490057,490057,"0.950901187"
490060,490060,"1.033585119"
490067,490067,"1.131103458"
490075,490075,"1.036470758"
490077,490077,"0.953107885"
490084,490084,"0.986038202"
490092,490092,"0.935292401"
490093,490093,"1.087217502"
490097,490097,"1.12327919"
490111,490111,"0.978487351"
490113,490113,"1.065650816"
490115,490115,"0"
490117,490117,"0"
490119,490119,"0.937318369"
490127,490127,"0"
490130,490130,"1.005911031"
490141,490141,"1.104866742"
500003,500003,"0.894963133"
500007,500007,"1.07380728"
500011,500011,"0.977507286"
500012,500012,"1.06606599"
500015,500015,"1.003348118"
500016,500016,"0.847855319"
500019,500019,"1.022446394"
500021,500021,"0.994963455"
500031,500031,"0.956286908"
500036,500036,"0.958379807"
500037,500037,"0"
500049,500049,"0.996439034"
500051,500051,"0.902818677"
500054,500054,"0.723848297"
500058,500058,"0.852578981"
500060,500060,"0"
500064,500064,"0.955707475"
500072,500072,"0.960635513"
500079,500079,"1.05881071"
500088,500088,"0.937031598"
500139,500139,"0.963435064"
510002,510002,"0.975015734"
510006,510006,"1.048543422"
510012,510012,"0"
510013,510013,"1.019424628"
510023,510023,"0.982962859"
510029,510029,"0.965168316"
510030,510030,"0.932877752"
510046,510046,"1.002449559"
510048,510048,"0.987869882"
510062,510062,"0"
510070,510070,"1.177737332"
510071,510071,"0.938534645"
510072,510072,"0"
510077,510077,"0"
510086,510086,"0"
520008,520008,"0.964568067"
520030,520030,"0.770198469"
520037,520037,"0.984179469"
530002,530002,"0"
530006,530006,"0"
530012,530012,"0.958324647"
530014,530014,"1.037312125"
530025,530025,"0"
530032,530032,"0"
670006,670006,"0"
670023,670023,"0.998659432"
670024,670024,"0.887990642"
670041,670041,"0.893004177"
670043,670043,"0"
670055,670055,"0.947173117"
670056,670056,"1.07737718"
670060,670060,"1.02221902"
670068,670068,"0"
