"Measure Name","Measure ID","Condition","Category","Score","Footnote","Measure Start Date","Measure End Date"
"Heart attack patients who got drugs to break up blood clots within 30 minutes of arrival Higher percentages are better","AMI_7a","Heart Attack or Chest Pain","Fibrinolytic Therapy Received Within 30 Minutes Of Hospital Arrival","60","","04/01/2014","03/31/2015"
"Heart attack patients given a procedure to open blocked blood vessels within 90 minutes of arrival Higher percentages are better","AMI_8a","Heart Attack or Chest Pain","Primary PCI Received Within 90 Minutes of Hospital Arrival","96","","04/01/2014","03/31/2015"
"Children and their caregivers who received a home management plan of care document while hospitalized for asthma Higher percentages are better","CAC_3","Children's Asthma","Home Management Plan of Care Document","90","","04/01/2014","03/31/2015"
"Average (median) time patients spent in the emergency department, before they were admitted to the hospital as an inpatient A lower number of minutes is better","ED_1b","Emergency Department","ED1","278","","04/01/2014","03/31/2015"
"Average time patients spent in the emergency department, before they were admitted to the hospital as an inpatient A lower number of minutes is better (high)","ED_1b_HIGH_MIN","Emergency Department","ED1 - Median time from emergency department arrival to emergency department departure for admitted emergency department patients","298","","04/01/2014","03/31/2015"
"Average time patients spent in the emergency department, before they were admitted to the hospital as an inpatient A lower number of minutes is better (low)","ED_1b_LOW_MIN","Emergency Department","ED1 - Median time from emergency department arrival to emergency department departure for admitted emergency department patients","218","","04/01/2014","03/31/2015"
"Average time patients spent in the emergency department, before they were admitted to the hospital as an inpatient A lower number of minutes is better (moderate)","ED_1b_MEDIUM_MIN","Emergency Department","ED1 - Median time from emergency department arrival to emergency department departure for admitted emergency department patients","260","","04/01/2014","03/31/2015"
"Average time patients spent in the emergency department, before they were admitted to the hospital as an inpatient A lower number of minutes is better (overall)","ED_1b_OVERALL_MIN","Emergency Department","ED1 - Median time from emergency department arrival to emergency department departure for admitted emergency department patients","279","","04/01/2014","03/31/2015"
"Average time patients spent in the emergency department, before they were admitted to the hospital as an inpatient A lower number of minutes is better (high)","ED_1b_VERY_HIGH_MIN","Emergency Department","ED1 - Median time from emergency department arrival to emergency department departure for admitted emergency department patients","338","","04/01/2014","03/31/2015"
"Average (median) time patients spent in the emergency department, after the doctor decided to admit them as an inpatient before leaving the emergency department for their inpatient room A lower number of minutes is better","ED_2b","Emergency Department","ED2","98","","04/01/2014","03/31/2015"
"Average time patients spent in the emergency department, after the doctor decided to admit them as an inpatient before leaving the emergency department for their inpatient room A lower number of minutes is better (high)","ED_2b_HIGH_MIN","Emergency Department","ED2 - Admit decision time to emergency department departure time for admitted patient","115","","04/01/2014","03/31/2015"
"Average time patients spent in the emergency department, after the doctor decided to admit them as an inpatient before leaving the emergency department for their inpatient room A lower number of minutes is better (low)","ED_2b_LOW_MIN","Emergency Department","ED2 - Admit decision time to emergency department departure time for admitted patient","60","","04/01/2014","03/31/2015"
"Average time patients spent in the emergency department, after the doctor decided to admit them as an inpatient before leaving the emergency department for their inpatient room A lower number of minutes is better (moderate)","ED_2b_MEDIUM_MIN","Emergency Department","ED2 - Admit decision time to emergency department departure time for admitted patient","89","","04/01/2014","03/31/2015"
"Average time patients spent in the emergency department, after the doctor decided to admit them as an inpatient before leaving the emergency department for their inpatient room A lower number of minutes is better (overall)","ED_2b_OVERALL_MIN","Emergency Department","ED2 - Admit decision time to emergency department departure time for admitted patient","99","","04/01/2014","03/31/2015"
"Average time patients spent in the emergency department, after the doctor decided to admit them as an inpatient before leaving the emergency department for their inpatient room A lower number of minutes is better (high)","ED_2b_VERY_HIGH_MIN","Emergency Department","ED2 - Admit decision time to emergency department departure time for admitted patient","132","","04/01/2014","03/31/2015"
"Heart failure patients given an evaluation of left ventricular systolic (LVS) function Higher percentages are better","HF_2","Heart Failure","Evaluation of LVS Function","99","","04/01/2014","03/31/2015"
"Patients assessed and given influenza vaccination Higher percentages are better","IMM_2","Preventive Care","Immunization for influenza","94","","10/01/2014","03/31/2015"
"Healthcare workers given influenza vaccination Higher percentages are better","IMM_3_OP_27_FAC_ADHPCT","Preventive Care","Healthcare workers given influenza vaccination","84","","10/01/2014","03/31/2015"
"Median Time to Fibrinolysis","OP_1","Heart Attack or Chest Pain","Median Time to Fibrinolysis","28","","04/01/2014","03/31/2015"
"Average time patients spent in the emergency department before leaving from the visit A lower number of minutes is better","OP_18b","Emergency Department","OP 18","141","","04/01/2014","03/31/2015"
"Average time patients spent in the emergency department before being sent home A lower number of minutes is better (high)","OP_18b_HIGH_MIN","Emergency Department","OP18 - Median time from emergency department arrival to emergency department departure for discharged emergency department patients","161","","04/01/2014","03/31/2015"
"Average time patients spent in the emergency department before being sent home A lower number of minutes is better (low)","OP_18b_LOW_MIN","Emergency Department","OP18 - Median time from emergency department arrival to emergency department departure for discharged emergency department patients","116","","04/01/2014","03/31/2015"
"Average time patients spent in the emergency department before being sent home A lower number of minutes is better (moderate)","OP_18b_MEDIUM_MIN","Emergency Department","OP18 - Median time from emergency department arrival to emergency department departure for discharged emergency department patients","142","","04/01/2014","03/31/2015"
"Average time patients spent in the emergency department before being sent home A lower number of minutes is better (overall)","OP_18b_OVERALL_MIN","Emergency Department","OP18 - Median time from emergency department arrival to emergency department departure for discharged emergency department patients","148","","04/01/2014","03/31/2015"
"Average time patients spent in the emergency department before being sent home A lower number of minutes is better (high)","OP_18b_VERY_HIGH_MIN","Emergency Department","OP18 - Median time from emergency department arrival to emergency department departure for discharged emergency department patients","173","","04/01/2014","03/31/2015"
"Outpatients with chest pain or possible heart attack who got drugs to break up blood clots within 30 minutes of arrival Higher percentages are better","OP_2","Heart Attack or Chest Pain","Fibrinolytic Therapy Received Within 30 Minutes of ED Arrival","59","","04/01/2014","03/31/2015"
"Average time patients spent in the emergency department before they were seen by a healthcare professional A lower number of minutes is better","OP_20","Emergency Department","Door to diagnostic eval","24","","04/01/2014","03/31/2015"
"Average time patients spent in the emergency department before they were seen by a healthcare professional A lower number of minutes is better (high)","OP_20_HIGH_MIN","Emergency Department","OP20 - Door to diagnostic evaluation by a qualified medical professional","29","","04/01/2014","03/31/2015"
"Average time patients spent in the emergency department before they were seen by a healthcare professional A lower number of minutes is better (low)","OP_20_LOW_MIN","Emergency Department","OP20 - Door to diagnostic evaluation by a qualified medical professional","21","","04/01/2014","03/31/2015"
"Average time patients spent in the emergency department before they were seen by a healthcare professional A lower number of minutes is better (moderate)","OP_20_MEDIUM_MIN","Emergency Department","OP20 - Door to diagnostic evaluation by a qualified medical professional","26","","04/01/2014","03/31/2015"
"Average time patients spent in the emergency department before they were seen by a healthcare professional A lower number of minutes is better (overall)","OP_20_OVERALL_MIN","Emergency Department","OP20 - Door to diagnostic evaluation by a qualified medical professional","27","","04/01/2014","03/31/2015"
"Average time patients spent in the emergency department before they were seen by a healthcare professional A lower number of minutes is better (high)","OP_20_VERY_HIGH_MIN","Emergency Department","OP20 - Door to diagnostic evaluation by a qualified medical professional","33","","04/01/2014","03/31/2015"
"Average time patients who came to the emergency department with broken bones had to wait before getting pain medication A lower number of minutes is better","OP_21","Emergency Department","Median time to pain med","54","","04/01/2014","03/31/2015"
"Percentage of patients who left the emergency department before being seen Lower percentages are better","OP_22","Emergency Department","Left before being seen","2","","01/01/2013","12/31/2013"
"Percentage of patients who came to the emergency department with stroke symptoms who received brain scan results within 45 minutes of arrival Higher percentages are better","OP_23","Emergency Department","Head CT results","66","","04/01/2014","03/31/2015"
"Average number of minutes before outpatients with chest pain or possible heart attack who needed specialized care were transferred to another hospital A lower number of minutes is better","OP_3b","Heart Attack or Chest Pain","Median Time to Transfer to Another Facility for Acute Coronary Intervention","58","","04/01/2014","03/31/2015"
"Outpatients with chest pain or possible heart attack who received aspirin within 24 hours of arrival or before transferring from the emergency department Higher percentages are better","OP_4","Heart Attack or Chest Pain","Aspirin at Arrival","97","","04/01/2014","03/31/2015"
"Average number of minutes before outpatients with chest pain or possible heart attack got an ECG A lower number of minutes is better","OP_5","Heart Attack or Chest Pain","Median Time to ECG","7","","04/01/2014","03/31/2015"
"Percent of mothers whose deliveries were scheduled too early (1-2 weeks early), when a scheduled delivery was not medically necessaryLower percentages are better","PC_01","Pregnancy and Delivery Care","Percent of newborns whose deliveries were scheduled early (1-3 weeks early), when a scheduled delivery was not medically necessary","3","","04/01/2014","03/31/2015"
"Pneumonia patients given the most appropriate initial antibiotic(s) Higher percentages are better","PN_6","Pneumonia","Initial antibiotic selection for CAP in immunocompetent patient","96","","04/01/2014","03/31/2015"
"Surgery patients who were taking heart drugs called beta blockers before coming to the hospital, who were kept on the beta blockers during the period just before and after their surgery Higher percentages are better","SCIP_CARD_2","Surgical Care Improvement Project","Surgery Patients on a Beta Blocker Prior to Arrival Who Received a Beta Blocker During the Perioperative Period","98","","04/01/2014","03/31/2015"
"Surgery patients who were given an antibiotic at the right time (within one hour before surgery) to help prevent infection Higher percentages are better","SCIP_INF_1","Surgical Care Improvement Project","Prophylactic antibiotic received within 1 hour prior to surgical incision","99","","04/01/2014","03/31/2015"
"Surgery patients who were given the right kind of antibiotic to help prevent infection Higher percentages are better","SCIP_INF_2","Surgical Care Improvement Project","Prophylactic Antibiotic Selection for Surgical Patients","99","","04/01/2014","03/31/2015"
"Surgery patients whose preventive antibiotics were stopped at the right time (within 24 hours after surgery) Higher percentages are better","SCIP_INF_3","Surgical Care Improvement Project","Prophylactic antibiotics discontinued within 24 hours after surgery end time","98","","04/01/2014","03/31/2015"
"Surgery patients whose urinary catheters were removed on the first or second day after surgery Higher percentages are better","SCIP_INF_9","Surgical Care Improvement Project","Postoperative Urinary Catheter Removal","98","","04/01/2014","03/31/2015"
"Patients who got treatment at the right time (within 24 hours before or after their surgery) to help prevent blood clots after certain types of surgery Higher percentages are better","SCIP_VTE_2","Surgical Care Improvement Project","Surgery Patients Who Received Appropriate Venous Thromboembolism Prophylaxis Within 24 Hours Prior to Surgery to 24 Hours After Surgery","100","","04/01/2014","03/31/2015"
"Ischemic or hemorrhagic stroke patients who received treatment to keep blood clots from forming anywhere in the body within 2 days of hospital admissionHigher percentages are better","STK_1","Stroke Care","Venous Thromboembolism (VTE) Prophylaxis","97","","04/01/2014","03/31/2015"
"Ischemic or hemorrhagic stroke patients who were evaluated for rehabilitation services Higher percentages are better","STK_10","Stroke Care","Assessed for Rehabilitation","98","","04/01/2014","03/31/2015"
"Ischemic stroke patients who received a prescription for medicine known to prevent complications caused by blood clots at discharge Higher percentages are better","STK_2","Stroke Care","Discharged on Antithrombotic Therapy","99","","04/01/2014","03/31/2015"
"Ischemic stroke patients with a type of irregular heartbeat who were given a prescription for a blood thinner at discharge Higher percentages are better","STK_3","Stroke Care","Anticoagulation Therapy for Atrial Fibrillation/Flutter","97","","04/01/2014","03/31/2015"
"Ischemic stroke patients who got medicine to break up a blood clot within 3 hours after symptoms started Higher percentages are better","STK_4","Stroke Care","Thrombolytic Therapy","81","","04/01/2014","03/31/2015"
"Ischemic stroke patients who received medicine known to prevent complications caused by blood clots within 2 days of hospital admission Higher percentages are better","STK_5","Stroke Care","Antithrombotic Therapy by End of Hospital Day 2","98","","04/01/2014","03/31/2015"
"Ischemic stroke patients needing medicine to lower bad cholesterol, who were given a prescription for this medicine at discharge Higher percentages are better","STK_6","Stroke Care","Discharged on Statin Medication","97","","04/01/2014","03/31/2015"
"Ischemic or hemorrhagic stroke patients or caregivers who received written educational materials about stroke care and prevention during the hospital stay Higher percentages are better","STK_8","Stroke Care","Stroke Education","94","","04/01/2014","03/31/2015"
"Patients who got treatment to prevent blood clots on the day of or day after hospital admission or surgery Higher percentages are better","VTE_1","Blood Clot Prevention and Treatment","Venous thromboembolism prophylaxis","93","","04/01/2014","03/31/2015"
"Patients who got treatment to prevent blood clots on the day of or day after being admitted to the intensive care unit (ICU) Higher percentages are better","VTE_2","Blood Clot Prevention and Treatment","ICU venous thromboembolism prophylaxis","96","","04/01/2014","03/31/2015"
"Patients with blood clots who got the recommended treatment, which includes using two different blood thinner medicines at the same time Higher percentages are better","VTE_3","Blood Clot Prevention and Treatment","Anticoagulation overlap therapy","95","","04/01/2014","03/31/2015"
"Patients with blood clots who were treated with an intravenous blood thinner, and then were checked to determine if the blood thinner caused unplanned complications Higher percentages are better","VTE_4","Blood Clot Prevention and Treatment","Unfractionated heparin with dosages/platelet count monitoring","99","","04/01/2014","03/31/2015"
"Patients with blood clots who were discharged on a blood thinner medicine and received written instructions about that medicine Higher percentages are better","VTE_5","Blood Clot Prevention and Treatment","Warfarin therapy discharge instructions","90","","04/01/2014","03/31/2015"
"Patients who developed a blood clot while in the hospital who did not get treatment that could have prevented it Lower percentages are better","VTE_6","Blood Clot Prevention and Treatment","Hospital acquired potentially preventable venous thromboembolism","5","","04/01/2014","03/31/2015"
